"filename", "language", "C++", "CMake Cache", "CMake", "Makefile", "TypeScript", "JSON", "YAML", "C", "Markdown", "HTML", "XML", "Batch", "Properties", "Groovy", "Objective-C++", "JavaScript", "PostCSS", "comment", "blank", "total"
"/Users/williamsmith/Desktop/Terminal_Fuzz_Plugin/JUCE/examples/Assets/ADSRComponent.h", "C++", -128, 0, 0, 0, 0, 0, 0, 0, 0, 0, 0, 0, 0, 0, 0, 0, 0, -24, -39, -191
"/Users/williamsmith/Desktop/Terminal_Fuzz_Plugin/JUCE/examples/Assets/AudioLiveScrollingDisplay.h", "C++", -38, 0, 0, 0, 0, 0, 0, 0, 0, 0, 0, 0, 0, 0, 0, 0, 0, -28, -13, -79
"/Users/williamsmith/Desktop/Terminal_Fuzz_Plugin/JUCE/examples/Assets/Box2DTests/AddPair.h", "C++", -43, 0, 0, 0, 0, 0, 0, 0, 0, 0, 0, 0, 0, 0, 0, 0, 0, 0, -9, -52
"/Users/williamsmith/Desktop/Terminal_Fuzz_Plugin/JUCE/examples/Assets/Box2DTests/ApplyForce.h", "C++", -125, 0, 0, 0, 0, 0, 0, 0, 0, 0, 0, 0, 0, 0, 0, 0, 0, -22, -37, -184
"/Users/williamsmith/Desktop/Terminal_Fuzz_Plugin/JUCE/examples/Assets/Box2DTests/BodyTypes.h", "C++", -110, 0, 0, 0, 0, 0, 0, 0, 0, 0, 0, 0, 0, 0, 0, 0, 0, -21, -29, -160
"/Users/williamsmith/Desktop/Terminal_Fuzz_Plugin/JUCE/examples/Assets/Box2DTests/Breakable.h", "C++", -100, 0, 0, 0, 0, 0, 0, 0, 0, 0, 0, 0, 0, 0, 0, 0, 0, -27, -29, -156
"/Users/williamsmith/Desktop/Terminal_Fuzz_Plugin/JUCE/examples/Assets/Box2DTests/Bridge.h", "C++", -86, 0, 0, 0, 0, 0, 0, 0, 0, 0, 0, 0, 0, 0, 0, 0, 0, -17, -23, -126
"/Users/williamsmith/Desktop/Terminal_Fuzz_Plugin/JUCE/examples/Assets/Box2DTests/BulletTest.h", "C++", -91, 0, 0, 0, 0, 0, 0, 0, 0, 0, 0, 0, 0, 0, 0, 0, 0, -18, -28, -137
"/Users/williamsmith/Desktop/Terminal_Fuzz_Plugin/JUCE/examples/Assets/Box2DTests/Cantilever.h", "C++", -151, 0, 0, 0, 0, 0, 0, 0, 0, 0, 0, 0, 0, 0, 0, 0, 0, -21, -40, -212
"/Users/williamsmith/Desktop/Terminal_Fuzz_Plugin/JUCE/examples/Assets/Box2DTests/Car.h", "C++", -211, 0, 0, 0, 0, 0, 0, 0, 0, 0, 0, 0, 0, 0, 0, 0, 0, -22, -54, -287
"/Users/williamsmith/Desktop/Terminal_Fuzz_Plugin/JUCE/examples/Assets/Box2DTests/Chain.h", "C++", -46, 0, 0, 0, 0, 0, 0, 0, 0, 0, 0, 0, 0, 0, 0, 0, 0, -17, -12, -75
"/Users/williamsmith/Desktop/Terminal_Fuzz_Plugin/JUCE/examples/Assets/Box2DTests/CharacterCollision.h", "C++", -179, 0, 0, 0, 0, 0, 0, 0, 0, 0, 0, 0, 0, 0, 0, 0, 0, -35, -40, -254
"/Users/williamsmith/Desktop/Terminal_Fuzz_Plugin/JUCE/examples/Assets/Box2DTests/CollisionFiltering.h", "C++", -114, 0, 0, 0, 0, 0, 0, 0, 0, 0, 0, 0, 0, 0, 0, 0, 0, -30, -33, -177
"/Users/williamsmith/Desktop/Terminal_Fuzz_Plugin/JUCE/examples/Assets/Box2DTests/CollisionProcessing.h", "C++", -118, 0, 0, 0, 0, 0, 0, 0, 0, 0, 0, 0, 0, 0, 0, 0, 0, -33, -38, -189
"/Users/williamsmith/Desktop/Terminal_Fuzz_Plugin/JUCE/examples/Assets/Box2DTests/CompoundShapes.h", "C++", -103, 0, 0, 0, 0, 0, 0, 0, 0, 0, 0, 0, 0, 0, 0, 0, 0, -18, -23, -144
"/Users/williamsmith/Desktop/Terminal_Fuzz_Plugin/JUCE/examples/Assets/Box2DTests/Confined.h", "C++", -112, 0, 0, 0, 0, 0, 0, 0, 0, 0, 0, 0, 0, 0, 0, 0, 0, -26, -30, -168
"/Users/williamsmith/Desktop/Terminal_Fuzz_Plugin/JUCE/examples/Assets/Box2DTests/ContinuousTest.h", "C++", -93, 0, 0, 0, 0, 0, 0, 0, 0, 0, 0, 0, 0, 0, 0, 0, 0, -20, -25, -138
"/Users/williamsmith/Desktop/Terminal_Fuzz_Plugin/JUCE/examples/Assets/Box2DTests/DistanceTest.h", "C++", -94, 0, 0, 0, 0, 0, 0, 0, 0, 0, 0, 0, 0, 0, 0, 0, 0, -17, -25, -136
"/Users/williamsmith/Desktop/Terminal_Fuzz_Plugin/JUCE/examples/Assets/Box2DTests/Dominos.h", "C++", -158, 0, 0, 0, 0, 0, 0, 0, 0, 0, 0, 0, 0, 0, 0, 0, 0, -17, -41, -216
"/Users/williamsmith/Desktop/Terminal_Fuzz_Plugin/JUCE/examples/Assets/Box2DTests/DumpShell.h", "C++", -224, 0, 0, 0, 0, 0, 0, 0, 0, 0, 0, 0, 0, 0, 0, 0, 0, -18, -26, -268
"/Users/williamsmith/Desktop/Terminal_Fuzz_Plugin/JUCE/examples/Assets/Box2DTests/DynamicTreeTest.h", "C++", -272, 0, 0, 0, 0, 0, 0, 0, 0, 0, 0, 0, 0, 0, 0, 0, 0, -25, -61, -358
"/Users/williamsmith/Desktop/Terminal_Fuzz_Plugin/JUCE/examples/Assets/Box2DTests/EdgeShapes.h", "C++", -188, 0, 0, 0, 0, 0, 0, 0, 0, 0, 0, 0, 0, 0, 0, 0, 0, -18, -44, -250
"/Users/williamsmith/Desktop/Terminal_Fuzz_Plugin/JUCE/examples/Assets/Box2DTests/EdgeTest.h", "C++", -73, 0, 0, 0, 0, 0, 0, 0, 0, 0, 0, 0, 0, 0, 0, 0, 0, -17, -20, -110
"/Users/williamsmith/Desktop/Terminal_Fuzz_Plugin/JUCE/examples/Assets/Box2DTests/Gears.h", "C++", -137, 0, 0, 0, 0, 0, 0, 0, 0, 0, 0, 0, 0, 0, 0, 0, 0, -18, -33, -188
"/Users/williamsmith/Desktop/Terminal_Fuzz_Plugin/JUCE/examples/Assets/Box2DTests/OneSidedPlatform.h", "C++", -78, 0, 0, 0, 0, 0, 0, 0, 0, 0, 0, 0, 0, 0, 0, 0, 0, -20, -23, -121
"/Users/williamsmith/Desktop/Terminal_Fuzz_Plugin/JUCE/examples/Assets/Box2DTests/Pinball.h", "C++", -116, 0, 0, 0, 0, 0, 0, 0, 0, 0, 0, 0, 0, 0, 0, 0, 0, -26, -28, -170
"/Users/williamsmith/Desktop/Terminal_Fuzz_Plugin/JUCE/examples/Assets/Box2DTests/PolyCollision.h", "C++", -83, 0, 0, 0, 0, 0, 0, 0, 0, 0, 0, 0, 0, 0, 0, 0, 0, -17, -23, -123
"/Users/williamsmith/Desktop/Terminal_Fuzz_Plugin/JUCE/examples/Assets/Box2DTests/PolyShapes.h", "C++", -219, 0, 0, 0, 0, 0, 0, 0, 0, 0, 0, 0, 0, 0, 0, 0, 0, -25, -52, -296
"/Users/williamsmith/Desktop/Terminal_Fuzz_Plugin/JUCE/examples/Assets/Box2DTests/Prismatic.h", "C++", -69, 0, 0, 0, 0, 0, 0, 0, 0, 0, 0, 0, 0, 0, 0, 0, 0, -21, -18, -108
"/Users/williamsmith/Desktop/Terminal_Fuzz_Plugin/JUCE/examples/Assets/Box2DTests/Pulleys.h", "C++", -67, 0, 0, 0, 0, 0, 0, 0, 0, 0, 0, 0, 0, 0, 0, 0, 0, -19, -21, -107
"/Users/williamsmith/Desktop/Terminal_Fuzz_Plugin/JUCE/examples/Assets/Box2DTests/Pyramid.h", "C++", -52, 0, 0, 0, 0, 0, 0, 0, 0, 0, 0, 0, 0, 0, 0, 0, 0, -22, -16, -90
"/Users/williamsmith/Desktop/Terminal_Fuzz_Plugin/JUCE/examples/Assets/Box2DTests/RayCast.h", "C++", -339, 0, 0, 0, 0, 0, 0, 0, 0, 0, 0, 0, 0, 0, 0, 0, 0, -34, -68, -441
"/Users/williamsmith/Desktop/Terminal_Fuzz_Plugin/JUCE/examples/Assets/Box2DTests/Revolute.h", "C++", -108, 0, 0, 0, 0, 0, 0, 0, 0, 0, 0, 0, 0, 0, 0, 0, 0, -26, -33, -167
"/Users/williamsmith/Desktop/Terminal_Fuzz_Plugin/JUCE/examples/Assets/Box2DTests/Rope.h", "C++", -66, 0, 0, 0, 0, 0, 0, 0, 0, 0, 0, 0, 0, 0, 0, 0, 0, -18, -18, -102
"/Users/williamsmith/Desktop/Terminal_Fuzz_Plugin/JUCE/examples/Assets/Box2DTests/RopeJoint.h", "C++", -100, 0, 0, 0, 0, 0, 0, 0, 0, 0, 0, 0, 0, 0, 0, 0, 0, -25, -21, -146
"/Users/williamsmith/Desktop/Terminal_Fuzz_Plugin/JUCE/examples/Assets/Box2DTests/SensorTest.h", "C++", -132, 0, 0, 0, 0, 0, 0, 0, 0, 0, 0, 0, 0, 0, 0, 0, 0, -22, -28, -182
"/Users/williamsmith/Desktop/Terminal_Fuzz_Plugin/JUCE/examples/Assets/Box2DTests/ShapeEditing.h", "C++", -73, 0, 0, 0, 0, 0, 0, 0, 0, 0, 0, 0, 0, 0, 0, 0, 0, -17, -16, -106
"/Users/williamsmith/Desktop/Terminal_Fuzz_Plugin/JUCE/examples/Assets/Box2DTests/SliderCrank.h", "C++", -107, 0, 0, 0, 0, 0, 0, 0, 0, 0, 0, 0, 0, 0, 0, 0, 0, -22, -28, -157
"/Users/williamsmith/Desktop/Terminal_Fuzz_Plugin/JUCE/examples/Assets/Box2DTests/SphereStack.h", "C++", -43, 0, 0, 0, 0, 0, 0, 0, 0, 0, 0, 0, 0, 0, 0, 0, 0, -26, -18, -87
"/Users/williamsmith/Desktop/Terminal_Fuzz_Plugin/JUCE/examples/Assets/Box2DTests/TestEntries.cpp", "C++", -101, 0, 0, 0, 0, 0, 0, 0, 0, 0, 0, 0, 0, 0, 0, 0, 0, -19, -6, -126
"/Users/williamsmith/Desktop/Terminal_Fuzz_Plugin/JUCE/examples/Assets/Box2DTests/TheoJansen.h", "C++", -180, 0, 0, 0, 0, 0, 0, 0, 0, 0, 0, 0, 0, 0, 0, 0, 0, -25, -52, -257
"/Users/williamsmith/Desktop/Terminal_Fuzz_Plugin/JUCE/examples/Assets/Box2DTests/Tiles.h", "C++", -103, 0, 0, 0, 0, 0, 0, 0, 0, 0, 0, 0, 0, 0, 0, 0, 0, -32, -22, -157
"/Users/williamsmith/Desktop/Terminal_Fuzz_Plugin/JUCE/examples/Assets/Box2DTests/TimeOfImpact.h", "C++", -90, 0, 0, 0, 0, 0, 0, 0, 0, 0, 0, 0, 0, 0, 0, 0, 0, -19, -23, -132
"/Users/williamsmith/Desktop/Terminal_Fuzz_Plugin/JUCE/examples/Assets/Box2DTests/Tumbler.h", "C++", -67, 0, 0, 0, 0, 0, 0, 0, 0, 0, 0, 0, 0, 0, 0, 0, 0, -17, -16, -100
"/Users/williamsmith/Desktop/Terminal_Fuzz_Plugin/JUCE/examples/Assets/Box2DTests/VaryingFriction.h", "C++", -81, 0, 0, 0, 0, 0, 0, 0, 0, 0, 0, 0, 0, 0, 0, 0, 0, -17, -27, -125
"/Users/williamsmith/Desktop/Terminal_Fuzz_Plugin/JUCE/examples/Assets/Box2DTests/VaryingRestitution.h", "C++", -38, 0, 0, 0, 0, 0, 0, 0, 0, 0, 0, 0, 0, 0, 0, 0, 0, -19, -13, -70
"/Users/williamsmith/Desktop/Terminal_Fuzz_Plugin/JUCE/examples/Assets/Box2DTests/VerticalStack.h", "C++", -90, 0, 0, 0, 0, 0, 0, 0, 0, 0, 0, 0, 0, 0, 0, 0, 0, -44, -32, -166
"/Users/williamsmith/Desktop/Terminal_Fuzz_Plugin/JUCE/examples/Assets/Box2DTests/Web.h", "C++", -165, 0, 0, 0, 0, 0, 0, 0, 0, 0, 0, 0, 0, 0, 0, 0, 0, -18, -27, -210
"/Users/williamsmith/Desktop/Terminal_Fuzz_Plugin/JUCE/examples/Assets/DSPDemos_Common.h", "C++", -493, 0, 0, 0, 0, 0, 0, 0, 0, 0, 0, 0, 0, 0, 0, 0, 0, -38, -148, -679
"/Users/williamsmith/Desktop/Terminal_Fuzz_Plugin/JUCE/examples/Assets/DemoUtilities.h", "C++", -203, 0, 0, 0, 0, 0, 0, 0, 0, 0, 0, 0, 0, 0, 0, 0, 0, -34, -56, -293
"/Users/williamsmith/Desktop/Terminal_Fuzz_Plugin/JUCE/examples/Assets/WavefrontObjParser.h", "C++", -260, 0, 0, 0, 0, 0, 0, 0, 0, 0, 0, 0, 0, 0, 0, 0, 0, -31, -79, -370
"/Users/williamsmith/Desktop/Terminal_Fuzz_Plugin/JUCE/examples/Assets/demo table data.xml", "XML", 0, 0, 0, 0, 0, 0, 0, 0, 0, 0, -49, 0, 0, 0, 0, 0, 0, 0, 0, -49
"/Users/williamsmith/Desktop/Terminal_Fuzz_Plugin/JUCE/examples/Assets/google-services.json", "JSON", 0, 0, 0, 0, 0, -40, 0, 0, 0, 0, 0, 0, 0, 0, 0, 0, 0, 0, 0, -40
"/Users/williamsmith/Desktop/Terminal_Fuzz_Plugin/JUCE/examples/Assets/treedemo.xml", "XML", 0, 0, 0, 0, 0, 0, 0, 0, 0, 0, -48, 0, 0, 0, 0, 0, 0, 0, -2, -50
"/Users/williamsmith/Desktop/Terminal_Fuzz_Plugin/JUCE/examples/Assets/webviewplugin-gui-fallback.html", "HTML", 0, 0, 0, 0, 0, 0, 0, 0, 0, -39, 0, 0, 0, 0, 0, 0, 0, 0, -1, -40
"/Users/williamsmith/Desktop/Terminal_Fuzz_Plugin/JUCE/examples/Audio/AudioAppDemo.h", "C++", -89, 0, 0, 0, 0, 0, 0, 0, 0, 0, 0, 0, 0, 0, 0, 0, 0, -69, -33, -191
"/Users/williamsmith/Desktop/Terminal_Fuzz_Plugin/JUCE/examples/Audio/AudioLatencyDemo.h", "C++", -272, 0, 0, 0, 0, 0, 0, 0, 0, 0, 0, 0, 0, 0, 0, 0, 0, -62, -77, -411
"/Users/williamsmith/Desktop/Terminal_Fuzz_Plugin/JUCE/examples/Audio/AudioPlaybackDemo.h", "C++", -393, 0, 0, 0, 0, 0, 0, 0, 0, 0, 0, 0, 0, 0, 0, 0, 0, -56, -96, -545
"/Users/williamsmith/Desktop/Terminal_Fuzz_Plugin/JUCE/examples/Audio/AudioRecordingDemo.h", "C++", -238, 0, 0, 0, 0, 0, 0, 0, 0, 0, 0, 0, 0, 0, 0, 0, 0, -71, -61, -370
"/Users/williamsmith/Desktop/Terminal_Fuzz_Plugin/JUCE/examples/Audio/AudioSettingsDemo.h", "C++", -101, 0, 0, 0, 0, 0, 0, 0, 0, 0, 0, 0, 0, 0, 0, 0, 0, -52, -25, -178
"/Users/williamsmith/Desktop/Terminal_Fuzz_Plugin/JUCE/examples/Audio/AudioSynthesiserDemo.h", "C++", -223, 0, 0, 0, 0, 0, 0, 0, 0, 0, 0, 0, 0, 0, 0, 0, 0, -80, -60, -363
"/Users/williamsmith/Desktop/Terminal_Fuzz_Plugin/JUCE/examples/Audio/AudioWorkgroupDemo.h", "C++", -462, 0, 0, 0, 0, 0, 0, 0, 0, 0, 0, 0, 0, 0, 0, 0, 0, -67, -135, -664
"/Users/williamsmith/Desktop/Terminal_Fuzz_Plugin/JUCE/examples/Audio/CMakeLists.txt", "CMake", 0, 0, -21, 0, 0, 0, 0, 0, 0, 0, 0, 0, 0, 0, 0, 0, 0, 0, -2, -23
"/Users/williamsmith/Desktop/Terminal_Fuzz_Plugin/JUCE/examples/Audio/CapabilityInquiryDemo.h", "C++", -4049, 0, 0, 0, 0, 0, 0, 0, 0, 0, 0, 0, 0, 0, 0, 0, 0, -125, -860, -5034
"/Users/williamsmith/Desktop/Terminal_Fuzz_Plugin/JUCE/examples/Audio/MPEDemo.h", "C++", -528, 0, 0, 0, 0, 0, 0, 0, 0, 0, 0, 0, 0, 0, 0, 0, 0, -93, -157, -778
"/Users/williamsmith/Desktop/Terminal_Fuzz_Plugin/JUCE/examples/Audio/MidiDemo.h", "C++", -334, 0, 0, 0, 0, 0, 0, 0, 0, 0, 0, 0, 0, 0, 0, 0, 0, -69, -88, -491
"/Users/williamsmith/Desktop/Terminal_Fuzz_Plugin/JUCE/examples/Audio/PluckedStringsDemo.h", "C++", -221, 0, 0, 0, 0, 0, 0, 0, 0, 0, 0, 0, 0, 0, 0, 0, 0, -111, -62, -394
"/Users/williamsmith/Desktop/Terminal_Fuzz_Plugin/JUCE/examples/Audio/SimpleFFTDemo.h", "C++", -105, 0, 0, 0, 0, 0, 0, 0, 0, 0, 0, 0, 0, 0, 0, 0, 0, -61, -30, -196
"/Users/williamsmith/Desktop/Terminal_Fuzz_Plugin/JUCE/examples/CMake/AudioPlugin/CMakeLists.txt", "CMake", 0, 0, -90, 0, 0, 0, 0, 0, 0, 0, 0, 0, 0, 0, 0, 0, 0, 0, -22, -112
"/Users/williamsmith/Desktop/Terminal_Fuzz_Plugin/JUCE/examples/CMake/AudioPlugin/PluginEditor.cpp", "C++", -21, 0, 0, 0, 0, 0, 0, 0, 0, 0, 0, 0, 0, 0, 0, 0, 0, -7, -6, -34
"/Users/williamsmith/Desktop/Terminal_Fuzz_Plugin/JUCE/examples/CMake/AudioPlugin/PluginEditor.h", "C++", -13, 0, 0, 0, 0, 0, 0, 0, 0, 0, 0, 0, 0, 0, 0, 0, 0, -4, -6, -23
"/Users/williamsmith/Desktop/Terminal_Fuzz_Plugin/JUCE/examples/CMake/AudioPlugin/PluginProcessor.cpp", "C++", -127, 0, 0, 0, 0, 0, 0, 0, 0, 0, 0, 0, 0, 0, 0, 0, 0, -35, -27, -189
"/Users/williamsmith/Desktop/Terminal_Fuzz_Plugin/JUCE/examples/CMake/AudioPlugin/PluginProcessor.h", "C++", -29, 0, 0, 0, 0, 0, 0, 0, 0, 0, 0, 0, 0, 0, 0, 0, 0, -8, -12, -49
"/Users/williamsmith/Desktop/Terminal_Fuzz_Plugin/JUCE/examples/CMake/CMakeLists.txt", "CMake", 0, 0, -23, 0, 0, 0, 0, 0, 0, 0, 0, 0, 0, 0, 0, 0, 0, 0, -2, -25
"/Users/williamsmith/Desktop/Terminal_Fuzz_Plugin/JUCE/examples/CMake/ConsoleApp/CMakeLists.txt", "CMake", 0, 0, -69, 0, 0, 0, 0, 0, 0, 0, 0, 0, 0, 0, 0, 0, 0, 0, -20, -89
"/Users/williamsmith/Desktop/Terminal_Fuzz_Plugin/JUCE/examples/CMake/ConsoleApp/Main.cpp", "C++", -6, 0, 0, 0, 0, 0, 0, 0, 0, 0, 0, 0, 0, 0, 0, 0, 0, -1, -4, -11
"/Users/williamsmith/Desktop/Terminal_Fuzz_Plugin/JUCE/examples/CMake/GuiApp/CMakeLists.txt", "CMake", 0, 0, -81, 0, 0, 0, 0, 0, 0, 0, 0, 0, 0, 0, 0, 0, 0, 0, -22, -103
"/Users/williamsmith/Desktop/Terminal_Fuzz_Plugin/JUCE/examples/CMake/GuiApp/Main.cpp", "C++", -55, 0, 0, 0, 0, 0, 0, 0, 0, 0, 0, 0, 0, 0, 0, 0, 0, -30, -17, -102
"/Users/williamsmith/Desktop/Terminal_Fuzz_Plugin/JUCE/examples/CMake/GuiApp/MainComponent.cpp", "C++", -15, 0, 0, 0, 0, 0, 0, 0, 0, 0, 0, 0, 0, 0, 0, 0, 0, -6, -5, -26
"/Users/williamsmith/Desktop/Terminal_Fuzz_Plugin/JUCE/examples/CMake/GuiApp/MainComponent.h", "C++", -11, 0, 0, 0, 0, 0, 0, 0, 0, 0, 0, 0, 0, 0, 0, 0, 0, -13, -6, -30
"/Users/williamsmith/Desktop/Terminal_Fuzz_Plugin/JUCE/examples/CMakeLists.txt", "CMake", 0, 0, -70, 0, 0, 0, 0, 0, 0, 0, 0, 0, 0, 0, 0, 0, 0, 0, -14, -84
"/Users/williamsmith/Desktop/Terminal_Fuzz_Plugin/JUCE/examples/DSP/CMakeLists.txt", "CMake", 0, 0, -21, 0, 0, 0, 0, 0, 0, 0, 0, 0, 0, 0, 0, 0, 0, 0, -2, -23
"/Users/williamsmith/Desktop/Terminal_Fuzz_Plugin/JUCE/examples/DSP/ConvolutionDemo.h", "C++", -119, 0, 0, 0, 0, 0, 0, 0, 0, 0, 0, 0, 0, 0, 0, 0, 0, -54, -35, -208
"/Users/williamsmith/Desktop/Terminal_Fuzz_Plugin/JUCE/examples/DSP/FIRFilterDemo.h", "C++", -50, 0, 0, 0, 0, 0, 0, 0, 0, 0, 0, 0, 0, 0, 0, 0, 0, -52, -18, -120
"/Users/williamsmith/Desktop/Terminal_Fuzz_Plugin/JUCE/examples/DSP/GainDemo.h", "C++", -39, 0, 0, 0, 0, 0, 0, 0, 0, 0, 0, 0, 0, 0, 0, 0, 0, -52, -14, -105
"/Users/williamsmith/Desktop/Terminal_Fuzz_Plugin/JUCE/examples/DSP/IIRFilterDemo.h", "C++", -55, 0, 0, 0, 0, 0, 0, 0, 0, 0, 0, 0, 0, 0, 0, 0, 0, -52, -17, -124
"/Users/williamsmith/Desktop/Terminal_Fuzz_Plugin/JUCE/examples/DSP/OscillatorDemo.h", "C++", -74, 0, 0, 0, 0, 0, 0, 0, 0, 0, 0, 0, 0, 0, 0, 0, 0, -54, -28, -156
"/Users/williamsmith/Desktop/Terminal_Fuzz_Plugin/JUCE/examples/DSP/OverdriveDemo.h", "C++", -61, 0, 0, 0, 0, 0, 0, 0, 0, 0, 0, 0, 0, 0, 0, 0, 0, -52, -22, -135
"/Users/williamsmith/Desktop/Terminal_Fuzz_Plugin/JUCE/examples/DSP/SIMDRegisterDemo.h", "C++", -92, 0, 0, 0, 0, 0, 0, 0, 0, 0, 0, 0, 0, 0, 0, 0, 0, -52, -34, -178
"/Users/williamsmith/Desktop/Terminal_Fuzz_Plugin/JUCE/examples/DSP/StateVariableFilterDemo.h", "C++", -54, 0, 0, 0, 0, 0, 0, 0, 0, 0, 0, 0, 0, 0, 0, 0, 0, -52, -16, -122
"/Users/williamsmith/Desktop/Terminal_Fuzz_Plugin/JUCE/examples/DSP/WaveShaperTanhDemo.h", "C++", -38, 0, 0, 0, 0, 0, 0, 0, 0, 0, 0, 0, 0, 0, 0, 0, 0, -52, -14, -104
"/Users/williamsmith/Desktop/Terminal_Fuzz_Plugin/JUCE/examples/DemoRunner/Builds/Android/app/CMakeLists.txt", "CMake", 0, 0, -5196, 0, 0, 0, 0, 0, 0, 0, 0, 0, 0, 0, 0, 0, 0, 0, -20, -5216
"/Users/williamsmith/Desktop/Terminal_Fuzz_Plugin/JUCE/examples/DemoRunner/Builds/Android/app/build.gradle", "Groovy", 0, 0, 0, 0, 0, 0, 0, 0, 0, 0, 0, 0, 0, -95, 0, 0, 0, 0, -17, -112
"/Users/williamsmith/Desktop/Terminal_Fuzz_Plugin/JUCE/examples/DemoRunner/Builds/Android/app/src/debug/res/values/string.xml", "XML", 0, 0, 0, 0, 0, 0, 0, 0, 0, 0, -4, 0, 0, 0, 0, 0, 0, 0, -2, -6
"/Users/williamsmith/Desktop/Terminal_Fuzz_Plugin/JUCE/examples/DemoRunner/Builds/Android/app/src/main/AndroidManifest.xml", "XML", 0, 0, 0, 0, 0, 0, 0, 0, 0, 0, -35, 0, 0, 0, 0, 0, 0, 0, -2, -37
"/Users/williamsmith/Desktop/Terminal_Fuzz_Plugin/JUCE/examples/DemoRunner/Builds/Android/app/src/main/assets/ADSRComponent.h", "C++", -128, 0, 0, 0, 0, 0, 0, 0, 0, 0, 0, 0, 0, 0, 0, 0, 0, -24, -39, -191
"/Users/williamsmith/Desktop/Terminal_Fuzz_Plugin/JUCE/examples/DemoRunner/Builds/Android/app/src/main/assets/AudioLiveScrollingDisplay.h", "C++", -38, 0, 0, 0, 0, 0, 0, 0, 0, 0, 0, 0, 0, 0, 0, 0, 0, -28, -13, -79
"/Users/williamsmith/Desktop/Terminal_Fuzz_Plugin/JUCE/examples/DemoRunner/Builds/Android/app/src/main/assets/Box2DTests/AddPair.h", "C++", -43, 0, 0, 0, 0, 0, 0, 0, 0, 0, 0, 0, 0, 0, 0, 0, 0, 0, -9, -52
"/Users/williamsmith/Desktop/Terminal_Fuzz_Plugin/JUCE/examples/DemoRunner/Builds/Android/app/src/main/assets/Box2DTests/ApplyForce.h", "C++", -125, 0, 0, 0, 0, 0, 0, 0, 0, 0, 0, 0, 0, 0, 0, 0, 0, -22, -37, -184
"/Users/williamsmith/Desktop/Terminal_Fuzz_Plugin/JUCE/examples/DemoRunner/Builds/Android/app/src/main/assets/Box2DTests/BodyTypes.h", "C++", -110, 0, 0, 0, 0, 0, 0, 0, 0, 0, 0, 0, 0, 0, 0, 0, 0, -21, -29, -160
"/Users/williamsmith/Desktop/Terminal_Fuzz_Plugin/JUCE/examples/DemoRunner/Builds/Android/app/src/main/assets/Box2DTests/Breakable.h", "C++", -100, 0, 0, 0, 0, 0, 0, 0, 0, 0, 0, 0, 0, 0, 0, 0, 0, -27, -29, -156
"/Users/williamsmith/Desktop/Terminal_Fuzz_Plugin/JUCE/examples/DemoRunner/Builds/Android/app/src/main/assets/Box2DTests/Bridge.h", "C++", -86, 0, 0, 0, 0, 0, 0, 0, 0, 0, 0, 0, 0, 0, 0, 0, 0, -17, -23, -126
"/Users/williamsmith/Desktop/Terminal_Fuzz_Plugin/JUCE/examples/DemoRunner/Builds/Android/app/src/main/assets/Box2DTests/BulletTest.h", "C++", -91, 0, 0, 0, 0, 0, 0, 0, 0, 0, 0, 0, 0, 0, 0, 0, 0, -18, -28, -137
"/Users/williamsmith/Desktop/Terminal_Fuzz_Plugin/JUCE/examples/DemoRunner/Builds/Android/app/src/main/assets/Box2DTests/Cantilever.h", "C++", -151, 0, 0, 0, 0, 0, 0, 0, 0, 0, 0, 0, 0, 0, 0, 0, 0, -21, -40, -212
"/Users/williamsmith/Desktop/Terminal_Fuzz_Plugin/JUCE/examples/DemoRunner/Builds/Android/app/src/main/assets/Box2DTests/Car.h", "C++", -211, 0, 0, 0, 0, 0, 0, 0, 0, 0, 0, 0, 0, 0, 0, 0, 0, -22, -54, -287
"/Users/williamsmith/Desktop/Terminal_Fuzz_Plugin/JUCE/examples/DemoRunner/Builds/Android/app/src/main/assets/Box2DTests/Chain.h", "C++", -46, 0, 0, 0, 0, 0, 0, 0, 0, 0, 0, 0, 0, 0, 0, 0, 0, -17, -12, -75
"/Users/williamsmith/Desktop/Terminal_Fuzz_Plugin/JUCE/examples/DemoRunner/Builds/Android/app/src/main/assets/Box2DTests/CharacterCollision.h", "C++", -179, 0, 0, 0, 0, 0, 0, 0, 0, 0, 0, 0, 0, 0, 0, 0, 0, -35, -40, -254
"/Users/williamsmith/Desktop/Terminal_Fuzz_Plugin/JUCE/examples/DemoRunner/Builds/Android/app/src/main/assets/Box2DTests/CollisionFiltering.h", "C++", -114, 0, 0, 0, 0, 0, 0, 0, 0, 0, 0, 0, 0, 0, 0, 0, 0, -30, -33, -177
"/Users/williamsmith/Desktop/Terminal_Fuzz_Plugin/JUCE/examples/DemoRunner/Builds/Android/app/src/main/assets/Box2DTests/CollisionProcessing.h", "C++", -118, 0, 0, 0, 0, 0, 0, 0, 0, 0, 0, 0, 0, 0, 0, 0, 0, -33, -38, -189
"/Users/williamsmith/Desktop/Terminal_Fuzz_Plugin/JUCE/examples/DemoRunner/Builds/Android/app/src/main/assets/Box2DTests/CompoundShapes.h", "C++", -103, 0, 0, 0, 0, 0, 0, 0, 0, 0, 0, 0, 0, 0, 0, 0, 0, -18, -23, -144
"/Users/williamsmith/Desktop/Terminal_Fuzz_Plugin/JUCE/examples/DemoRunner/Builds/Android/app/src/main/assets/Box2DTests/Confined.h", "C++", -112, 0, 0, 0, 0, 0, 0, 0, 0, 0, 0, 0, 0, 0, 0, 0, 0, -26, -30, -168
"/Users/williamsmith/Desktop/Terminal_Fuzz_Plugin/JUCE/examples/DemoRunner/Builds/Android/app/src/main/assets/Box2DTests/ContinuousTest.h", "C++", -93, 0, 0, 0, 0, 0, 0, 0, 0, 0, 0, 0, 0, 0, 0, 0, 0, -20, -25, -138
"/Users/williamsmith/Desktop/Terminal_Fuzz_Plugin/JUCE/examples/DemoRunner/Builds/Android/app/src/main/assets/Box2DTests/DistanceTest.h", "C++", -94, 0, 0, 0, 0, 0, 0, 0, 0, 0, 0, 0, 0, 0, 0, 0, 0, -17, -25, -136
"/Users/williamsmith/Desktop/Terminal_Fuzz_Plugin/JUCE/examples/DemoRunner/Builds/Android/app/src/main/assets/Box2DTests/Dominos.h", "C++", -158, 0, 0, 0, 0, 0, 0, 0, 0, 0, 0, 0, 0, 0, 0, 0, 0, -17, -41, -216
"/Users/williamsmith/Desktop/Terminal_Fuzz_Plugin/JUCE/examples/DemoRunner/Builds/Android/app/src/main/assets/Box2DTests/DumpShell.h", "C++", -224, 0, 0, 0, 0, 0, 0, 0, 0, 0, 0, 0, 0, 0, 0, 0, 0, -18, -26, -268
"/Users/williamsmith/Desktop/Terminal_Fuzz_Plugin/JUCE/examples/DemoRunner/Builds/Android/app/src/main/assets/Box2DTests/DynamicTreeTest.h", "C++", -272, 0, 0, 0, 0, 0, 0, 0, 0, 0, 0, 0, 0, 0, 0, 0, 0, -25, -61, -358
"/Users/williamsmith/Desktop/Terminal_Fuzz_Plugin/JUCE/examples/DemoRunner/Builds/Android/app/src/main/assets/Box2DTests/EdgeShapes.h", "C++", -188, 0, 0, 0, 0, 0, 0, 0, 0, 0, 0, 0, 0, 0, 0, 0, 0, -18, -44, -250
"/Users/williamsmith/Desktop/Terminal_Fuzz_Plugin/JUCE/examples/DemoRunner/Builds/Android/app/src/main/assets/Box2DTests/EdgeTest.h", "C++", -73, 0, 0, 0, 0, 0, 0, 0, 0, 0, 0, 0, 0, 0, 0, 0, 0, -17, -20, -110
"/Users/williamsmith/Desktop/Terminal_Fuzz_Plugin/JUCE/examples/DemoRunner/Builds/Android/app/src/main/assets/Box2DTests/Gears.h", "C++", -137, 0, 0, 0, 0, 0, 0, 0, 0, 0, 0, 0, 0, 0, 0, 0, 0, -18, -33, -188
"/Users/williamsmith/Desktop/Terminal_Fuzz_Plugin/JUCE/examples/DemoRunner/Builds/Android/app/src/main/assets/Box2DTests/OneSidedPlatform.h", "C++", -78, 0, 0, 0, 0, 0, 0, 0, 0, 0, 0, 0, 0, 0, 0, 0, 0, -20, -23, -121
"/Users/williamsmith/Desktop/Terminal_Fuzz_Plugin/JUCE/examples/DemoRunner/Builds/Android/app/src/main/assets/Box2DTests/Pinball.h", "C++", -116, 0, 0, 0, 0, 0, 0, 0, 0, 0, 0, 0, 0, 0, 0, 0, 0, -26, -28, -170
"/Users/williamsmith/Desktop/Terminal_Fuzz_Plugin/JUCE/examples/DemoRunner/Builds/Android/app/src/main/assets/Box2DTests/PolyCollision.h", "C++", -83, 0, 0, 0, 0, 0, 0, 0, 0, 0, 0, 0, 0, 0, 0, 0, 0, -17, -23, -123
"/Users/williamsmith/Desktop/Terminal_Fuzz_Plugin/JUCE/examples/DemoRunner/Builds/Android/app/src/main/assets/Box2DTests/PolyShapes.h", "C++", -219, 0, 0, 0, 0, 0, 0, 0, 0, 0, 0, 0, 0, 0, 0, 0, 0, -25, -52, -296
"/Users/williamsmith/Desktop/Terminal_Fuzz_Plugin/JUCE/examples/DemoRunner/Builds/Android/app/src/main/assets/Box2DTests/Prismatic.h", "C++", -69, 0, 0, 0, 0, 0, 0, 0, 0, 0, 0, 0, 0, 0, 0, 0, 0, -21, -18, -108
"/Users/williamsmith/Desktop/Terminal_Fuzz_Plugin/JUCE/examples/DemoRunner/Builds/Android/app/src/main/assets/Box2DTests/Pulleys.h", "C++", -67, 0, 0, 0, 0, 0, 0, 0, 0, 0, 0, 0, 0, 0, 0, 0, 0, -19, -21, -107
"/Users/williamsmith/Desktop/Terminal_Fuzz_Plugin/JUCE/examples/DemoRunner/Builds/Android/app/src/main/assets/Box2DTests/Pyramid.h", "C++", -52, 0, 0, 0, 0, 0, 0, 0, 0, 0, 0, 0, 0, 0, 0, 0, 0, -22, -16, -90
"/Users/williamsmith/Desktop/Terminal_Fuzz_Plugin/JUCE/examples/DemoRunner/Builds/Android/app/src/main/assets/Box2DTests/RayCast.h", "C++", -339, 0, 0, 0, 0, 0, 0, 0, 0, 0, 0, 0, 0, 0, 0, 0, 0, -34, -68, -441
"/Users/williamsmith/Desktop/Terminal_Fuzz_Plugin/JUCE/examples/DemoRunner/Builds/Android/app/src/main/assets/Box2DTests/Revolute.h", "C++", -108, 0, 0, 0, 0, 0, 0, 0, 0, 0, 0, 0, 0, 0, 0, 0, 0, -26, -33, -167
"/Users/williamsmith/Desktop/Terminal_Fuzz_Plugin/JUCE/examples/DemoRunner/Builds/Android/app/src/main/assets/Box2DTests/Rope.h", "C++", -66, 0, 0, 0, 0, 0, 0, 0, 0, 0, 0, 0, 0, 0, 0, 0, 0, -18, -18, -102
"/Users/williamsmith/Desktop/Terminal_Fuzz_Plugin/JUCE/examples/DemoRunner/Builds/Android/app/src/main/assets/Box2DTests/RopeJoint.h", "C++", -100, 0, 0, 0, 0, 0, 0, 0, 0, 0, 0, 0, 0, 0, 0, 0, 0, -25, -21, -146
"/Users/williamsmith/Desktop/Terminal_Fuzz_Plugin/JUCE/examples/DemoRunner/Builds/Android/app/src/main/assets/Box2DTests/SensorTest.h", "C++", -132, 0, 0, 0, 0, 0, 0, 0, 0, 0, 0, 0, 0, 0, 0, 0, 0, -22, -28, -182
"/Users/williamsmith/Desktop/Terminal_Fuzz_Plugin/JUCE/examples/DemoRunner/Builds/Android/app/src/main/assets/Box2DTests/ShapeEditing.h", "C++", -73, 0, 0, 0, 0, 0, 0, 0, 0, 0, 0, 0, 0, 0, 0, 0, 0, -17, -16, -106
"/Users/williamsmith/Desktop/Terminal_Fuzz_Plugin/JUCE/examples/DemoRunner/Builds/Android/app/src/main/assets/Box2DTests/SliderCrank.h", "C++", -107, 0, 0, 0, 0, 0, 0, 0, 0, 0, 0, 0, 0, 0, 0, 0, 0, -22, -28, -157
"/Users/williamsmith/Desktop/Terminal_Fuzz_Plugin/JUCE/examples/DemoRunner/Builds/Android/app/src/main/assets/Box2DTests/SphereStack.h", "C++", -43, 0, 0, 0, 0, 0, 0, 0, 0, 0, 0, 0, 0, 0, 0, 0, 0, -26, -18, -87
"/Users/williamsmith/Desktop/Terminal_Fuzz_Plugin/JUCE/examples/DemoRunner/Builds/Android/app/src/main/assets/Box2DTests/TestEntries.cpp", "C++", -101, 0, 0, 0, 0, 0, 0, 0, 0, 0, 0, 0, 0, 0, 0, 0, 0, -19, -6, -126
"/Users/williamsmith/Desktop/Terminal_Fuzz_Plugin/JUCE/examples/DemoRunner/Builds/Android/app/src/main/assets/Box2DTests/TheoJansen.h", "C++", -180, 0, 0, 0, 0, 0, 0, 0, 0, 0, 0, 0, 0, 0, 0, 0, 0, -25, -52, -257
"/Users/williamsmith/Desktop/Terminal_Fuzz_Plugin/JUCE/examples/DemoRunner/Builds/Android/app/src/main/assets/Box2DTests/Tiles.h", "C++", -103, 0, 0, 0, 0, 0, 0, 0, 0, 0, 0, 0, 0, 0, 0, 0, 0, -32, -22, -157
"/Users/williamsmith/Desktop/Terminal_Fuzz_Plugin/JUCE/examples/DemoRunner/Builds/Android/app/src/main/assets/Box2DTests/TimeOfImpact.h", "C++", -90, 0, 0, 0, 0, 0, 0, 0, 0, 0, 0, 0, 0, 0, 0, 0, 0, -19, -23, -132
"/Users/williamsmith/Desktop/Terminal_Fuzz_Plugin/JUCE/examples/DemoRunner/Builds/Android/app/src/main/assets/Box2DTests/Tumbler.h", "C++", -67, 0, 0, 0, 0, 0, 0, 0, 0, 0, 0, 0, 0, 0, 0, 0, 0, -17, -16, -100
"/Users/williamsmith/Desktop/Terminal_Fuzz_Plugin/JUCE/examples/DemoRunner/Builds/Android/app/src/main/assets/Box2DTests/VaryingFriction.h", "C++", -81, 0, 0, 0, 0, 0, 0, 0, 0, 0, 0, 0, 0, 0, 0, 0, 0, -17, -27, -125
"/Users/williamsmith/Desktop/Terminal_Fuzz_Plugin/JUCE/examples/DemoRunner/Builds/Android/app/src/main/assets/Box2DTests/VaryingRestitution.h", "C++", -38, 0, 0, 0, 0, 0, 0, 0, 0, 0, 0, 0, 0, 0, 0, 0, 0, -19, -13, -70
"/Users/williamsmith/Desktop/Terminal_Fuzz_Plugin/JUCE/examples/DemoRunner/Builds/Android/app/src/main/assets/Box2DTests/VerticalStack.h", "C++", -90, 0, 0, 0, 0, 0, 0, 0, 0, 0, 0, 0, 0, 0, 0, 0, 0, -44, -32, -166
"/Users/williamsmith/Desktop/Terminal_Fuzz_Plugin/JUCE/examples/DemoRunner/Builds/Android/app/src/main/assets/Box2DTests/Web.h", "C++", -165, 0, 0, 0, 0, 0, 0, 0, 0, 0, 0, 0, 0, 0, 0, 0, 0, -18, -27, -210
"/Users/williamsmith/Desktop/Terminal_Fuzz_Plugin/JUCE/examples/DemoRunner/Builds/Android/app/src/main/assets/DSPDemos_Common.h", "C++", -493, 0, 0, 0, 0, 0, 0, 0, 0, 0, 0, 0, 0, 0, 0, 0, 0, -38, -148, -679
"/Users/williamsmith/Desktop/Terminal_Fuzz_Plugin/JUCE/examples/DemoRunner/Builds/Android/app/src/main/assets/DemoUtilities.h", "C++", -203, 0, 0, 0, 0, 0, 0, 0, 0, 0, 0, 0, 0, 0, 0, 0, 0, -34, -56, -293
"/Users/williamsmith/Desktop/Terminal_Fuzz_Plugin/JUCE/examples/DemoRunner/Builds/Android/app/src/main/assets/WavefrontObjParser.h", "C++", -260, 0, 0, 0, 0, 0, 0, 0, 0, 0, 0, 0, 0, 0, 0, 0, 0, -31, -79, -370
"/Users/williamsmith/Desktop/Terminal_Fuzz_Plugin/JUCE/examples/DemoRunner/Builds/Android/app/src/main/assets/demo table data.xml", "XML", 0, 0, 0, 0, 0, 0, 0, 0, 0, 0, -49, 0, 0, 0, 0, 0, 0, 0, 0, -49
"/Users/williamsmith/Desktop/Terminal_Fuzz_Plugin/JUCE/examples/DemoRunner/Builds/Android/app/src/main/assets/google-services.json", "JSON", 0, 0, 0, 0, 0, -40, 0, 0, 0, 0, 0, 0, 0, 0, 0, 0, 0, 0, 0, -40
"/Users/williamsmith/Desktop/Terminal_Fuzz_Plugin/JUCE/examples/DemoRunner/Builds/Android/app/src/main/assets/treedemo.xml", "XML", 0, 0, 0, 0, 0, 0, 0, 0, 0, 0, -48, 0, 0, 0, 0, 0, 0, 0, -2, -50
"/Users/williamsmith/Desktop/Terminal_Fuzz_Plugin/JUCE/examples/DemoRunner/Builds/Android/app/src/main/assets/webviewplugin-gui-fallback.html", "HTML", 0, 0, 0, 0, 0, 0, 0, 0, 0, -39, 0, 0, 0, 0, 0, 0, 0, 0, -1, -40
"/Users/williamsmith/Desktop/Terminal_Fuzz_Plugin/JUCE/examples/DemoRunner/Builds/Android/app/src/release/res/values/string.xml", "XML", 0, 0, 0, 0, 0, 0, 0, 0, 0, 0, -4, 0, 0, 0, 0, 0, 0, 0, -2, -6
"/Users/williamsmith/Desktop/Terminal_Fuzz_Plugin/JUCE/examples/DemoRunner/Builds/Android/build.gradle", "Groovy", 0, 0, 0, 0, 0, 0, 0, 0, 0, 0, 0, 0, 0, -15, 0, 0, 0, 0, -2, -17
"/Users/williamsmith/Desktop/Terminal_Fuzz_Plugin/JUCE/examples/DemoRunner/Builds/Android/gradle.properties", "Properties", 0, 0, 0, 0, 0, 0, 0, 0, 0, 0, 0, 0, -1, 0, 0, 0, 0, 0, -1, -2
"/Users/williamsmith/Desktop/Terminal_Fuzz_Plugin/JUCE/examples/DemoRunner/Builds/Android/gradle/wrapper/gradle-wrapper.properties", "Properties", 0, 0, 0, 0, 0, 0, 0, 0, 0, 0, 0, 0, -1, 0, 0, 0, 0, 0, 0, -1
"/Users/williamsmith/Desktop/Terminal_Fuzz_Plugin/JUCE/examples/DemoRunner/Builds/Android/gradlew.bat", "Batch", 0, 0, 0, 0, 0, 0, 0, 0, 0, 0, 0, -50, 0, 0, 0, 0, 0, -16, -25, -91
"/Users/williamsmith/Desktop/Terminal_Fuzz_Plugin/JUCE/examples/DemoRunner/Builds/Android/settings.gradle", "Groovy", 0, 0, 0, 0, 0, 0, 0, 0, 0, 0, 0, 0, 0, -2, 0, 0, 0, 0, 0, -2
"/Users/williamsmith/Desktop/Terminal_Fuzz_Plugin/JUCE/examples/DemoRunner/Builds/LinuxMakefile/Makefile", "Makefile", 0, 0, 0, -232, 0, 0, 0, 0, 0, 0, 0, 0, 0, 0, 0, 0, 0, -4, -58, -294
"/Users/williamsmith/Desktop/Terminal_Fuzz_Plugin/JUCE/examples/DemoRunner/Builds/VisualStudio2019/DemoRunner_App.vcxproj", "XML", 0, 0, 0, 0, 0, 0, 0, 0, 0, 0, -4718, 0, 0, 0, 0, 0, 0, 0, -2, -4720
"/Users/williamsmith/Desktop/Terminal_Fuzz_Plugin/JUCE/examples/DemoRunner/Builds/VisualStudio2022/DemoRunner_App.vcxproj", "XML", 0, 0, 0, 0, 0, 0, 0, 0, 0, 0, -4718, 0, 0, 0, 0, 0, 0, 0, -2, -4720
"/Users/williamsmith/Desktop/Terminal_Fuzz_Plugin/JUCE/examples/DemoRunner/Builds/iOS/DemoRunner/Images.xcassets/AppIcon.appiconset/Contents.json", "JSON", 0, 0, 0, 0, 0, -122, 0, 0, 0, 0, 0, 0, 0, 0, 0, 0, 0, 0, 0, -122
"/Users/williamsmith/Desktop/Terminal_Fuzz_Plugin/JUCE/examples/DemoRunner/Builds/iOS/DemoRunner/Images.xcassets/LaunchImage.launchimage/Contents.json", "JSON", 0, 0, 0, 0, 0, -57, 0, 0, 0, 0, 0, 0, 0, 0, 0, 0, 0, 0, 0, -57
"/Users/williamsmith/Desktop/Terminal_Fuzz_Plugin/JUCE/examples/DemoRunner/Builds/iOS/LaunchScreen.storyboard", "XML", 0, 0, 0, 0, 0, 0, 0, 0, 0, 0, -16, 0, 0, 0, 0, 0, 0, 0, -1, -17
"/Users/williamsmith/Desktop/Terminal_Fuzz_Plugin/JUCE/examples/DemoRunner/CMakeLists.txt", "CMake", 0, 0, -80, 0, 0, 0, 0, 0, 0, 0, 0, 0, 0, 0, 0, 0, 0, 0, -7, -87
"/Users/williamsmith/Desktop/Terminal_Fuzz_Plugin/JUCE/examples/DemoRunner/JuceLibraryCode/JuceHeader.h", "C++", -36, 0, 0, 0, 0, 0, 0, 0, 0, 0, 0, 0, 0, 0, 0, 0, 0, -18, -8, -62
"/Users/williamsmith/Desktop/Terminal_Fuzz_Plugin/JUCE/examples/DemoRunner/JuceLibraryCode/include_juce_analytics.cpp", "C++", -1, 0, 0, 0, 0, 0, 0, 0, 0, 0, 0, 0, 0, 0, 0, 0, 0, -6, -2, -9
"/Users/williamsmith/Desktop/Terminal_Fuzz_Plugin/JUCE/examples/DemoRunner/JuceLibraryCode/include_juce_animation.cpp", "C++", -1, 0, 0, 0, 0, 0, 0, 0, 0, 0, 0, 0, 0, 0, 0, 0, 0, -6, -2, -9
"/Users/williamsmith/Desktop/Terminal_Fuzz_Plugin/JUCE/examples/DemoRunner/JuceLibraryCode/include_juce_audio_basics.cpp", "C++", -1, 0, 0, 0, 0, 0, 0, 0, 0, 0, 0, 0, 0, 0, 0, 0, 0, -6, -2, -9
"/Users/williamsmith/Desktop/Terminal_Fuzz_Plugin/JUCE/examples/DemoRunner/JuceLibraryCode/include_juce_audio_basics.mm", "Objective-C++", 0, 0, 0, 0, 0, 0, 0, 0, 0, 0, 0, 0, 0, 0, -1, 0, 0, -6, -2, -9
"/Users/williamsmith/Desktop/Terminal_Fuzz_Plugin/JUCE/examples/DemoRunner/JuceLibraryCode/include_juce_audio_devices.cpp", "C++", -1, 0, 0, 0, 0, 0, 0, 0, 0, 0, 0, 0, 0, 0, 0, 0, 0, -6, -2, -9
"/Users/williamsmith/Desktop/Terminal_Fuzz_Plugin/JUCE/examples/DemoRunner/JuceLibraryCode/include_juce_audio_devices.mm", "Objective-C++", 0, 0, 0, 0, 0, 0, 0, 0, 0, 0, 0, 0, 0, 0, -1, 0, 0, -6, -2, -9
"/Users/williamsmith/Desktop/Terminal_Fuzz_Plugin/JUCE/examples/DemoRunner/JuceLibraryCode/include_juce_audio_formats.cpp", "C++", -1, 0, 0, 0, 0, 0, 0, 0, 0, 0, 0, 0, 0, 0, 0, 0, 0, -6, -2, -9
"/Users/williamsmith/Desktop/Terminal_Fuzz_Plugin/JUCE/examples/DemoRunner/JuceLibraryCode/include_juce_audio_formats.mm", "Objective-C++", 0, 0, 0, 0, 0, 0, 0, 0, 0, 0, 0, 0, 0, 0, -1, 0, 0, -6, -2, -9
"/Users/williamsmith/Desktop/Terminal_Fuzz_Plugin/JUCE/examples/DemoRunner/JuceLibraryCode/include_juce_audio_processors.cpp", "C++", -1, 0, 0, 0, 0, 0, 0, 0, 0, 0, 0, 0, 0, 0, 0, 0, 0, -6, -2, -9
"/Users/williamsmith/Desktop/Terminal_Fuzz_Plugin/JUCE/examples/DemoRunner/JuceLibraryCode/include_juce_audio_processors.mm", "Objective-C++", 0, 0, 0, 0, 0, 0, 0, 0, 0, 0, 0, 0, 0, 0, -1, 0, 0, -6, -2, -9
"/Users/williamsmith/Desktop/Terminal_Fuzz_Plugin/JUCE/examples/DemoRunner/JuceLibraryCode/include_juce_audio_processors_ara.cpp", "C++", -1, 0, 0, 0, 0, 0, 0, 0, 0, 0, 0, 0, 0, 0, 0, 0, 0, -6, -2, -9
"/Users/williamsmith/Desktop/Terminal_Fuzz_Plugin/JUCE/examples/DemoRunner/JuceLibraryCode/include_juce_audio_processors_lv2_libs.cpp", "C++", -1, 0, 0, 0, 0, 0, 0, 0, 0, 0, 0, 0, 0, 0, 0, 0, 0, -6, -2, -9
"/Users/williamsmith/Desktop/Terminal_Fuzz_Plugin/JUCE/examples/DemoRunner/JuceLibraryCode/include_juce_audio_utils.cpp", "C++", -1, 0, 0, 0, 0, 0, 0, 0, 0, 0, 0, 0, 0, 0, 0, 0, 0, -6, -2, -9
"/Users/williamsmith/Desktop/Terminal_Fuzz_Plugin/JUCE/examples/DemoRunner/JuceLibraryCode/include_juce_audio_utils.mm", "Objective-C++", 0, 0, 0, 0, 0, 0, 0, 0, 0, 0, 0, 0, 0, 0, -1, 0, 0, -6, -2, -9
"/Users/williamsmith/Desktop/Terminal_Fuzz_Plugin/JUCE/examples/DemoRunner/JuceLibraryCode/include_juce_box2d.cpp", "C++", -1, 0, 0, 0, 0, 0, 0, 0, 0, 0, 0, 0, 0, 0, 0, 0, 0, -6, -2, -9
"/Users/williamsmith/Desktop/Terminal_Fuzz_Plugin/JUCE/examples/DemoRunner/JuceLibraryCode/include_juce_core.cpp", "C++", -1, 0, 0, 0, 0, 0, 0, 0, 0, 0, 0, 0, 0, 0, 0, 0, 0, -6, -2, -9
"/Users/williamsmith/Desktop/Terminal_Fuzz_Plugin/JUCE/examples/DemoRunner/JuceLibraryCode/include_juce_core.mm", "Objective-C++", 0, 0, 0, 0, 0, 0, 0, 0, 0, 0, 0, 0, 0, 0, -1, 0, 0, -6, -2, -9
"/Users/williamsmith/Desktop/Terminal_Fuzz_Plugin/JUCE/examples/DemoRunner/JuceLibraryCode/include_juce_core_CompilationTime.cpp", "C++", -1, 0, 0, 0, 0, 0, 0, 0, 0, 0, 0, 0, 0, 0, 0, 0, 0, -6, -2, -9
"/Users/williamsmith/Desktop/Terminal_Fuzz_Plugin/JUCE/examples/DemoRunner/JuceLibraryCode/include_juce_cryptography.cpp", "C++", -1, 0, 0, 0, 0, 0, 0, 0, 0, 0, 0, 0, 0, 0, 0, 0, 0, -6, -2, -9
"/Users/williamsmith/Desktop/Terminal_Fuzz_Plugin/JUCE/examples/DemoRunner/JuceLibraryCode/include_juce_cryptography.mm", "Objective-C++", 0, 0, 0, 0, 0, 0, 0, 0, 0, 0, 0, 0, 0, 0, -1, 0, 0, -6, -2, -9
"/Users/williamsmith/Desktop/Terminal_Fuzz_Plugin/JUCE/examples/DemoRunner/JuceLibraryCode/include_juce_data_structures.cpp", "C++", -1, 0, 0, 0, 0, 0, 0, 0, 0, 0, 0, 0, 0, 0, 0, 0, 0, -6, -2, -9
"/Users/williamsmith/Desktop/Terminal_Fuzz_Plugin/JUCE/examples/DemoRunner/JuceLibraryCode/include_juce_data_structures.mm", "Objective-C++", 0, 0, 0, 0, 0, 0, 0, 0, 0, 0, 0, 0, 0, 0, -1, 0, 0, -6, -2, -9
"/Users/williamsmith/Desktop/Terminal_Fuzz_Plugin/JUCE/examples/DemoRunner/JuceLibraryCode/include_juce_dsp.cpp", "C++", -1, 0, 0, 0, 0, 0, 0, 0, 0, 0, 0, 0, 0, 0, 0, 0, 0, -6, -2, -9
"/Users/williamsmith/Desktop/Terminal_Fuzz_Plugin/JUCE/examples/DemoRunner/JuceLibraryCode/include_juce_dsp.mm", "Objective-C++", 0, 0, 0, 0, 0, 0, 0, 0, 0, 0, 0, 0, 0, 0, -1, 0, 0, -6, -2, -9
"/Users/williamsmith/Desktop/Terminal_Fuzz_Plugin/JUCE/examples/DemoRunner/JuceLibraryCode/include_juce_events.cpp", "C++", -1, 0, 0, 0, 0, 0, 0, 0, 0, 0, 0, 0, 0, 0, 0, 0, 0, -6, -2, -9
"/Users/williamsmith/Desktop/Terminal_Fuzz_Plugin/JUCE/examples/DemoRunner/JuceLibraryCode/include_juce_events.mm", "Objective-C++", 0, 0, 0, 0, 0, 0, 0, 0, 0, 0, 0, 0, 0, 0, -1, 0, 0, -6, -2, -9
"/Users/williamsmith/Desktop/Terminal_Fuzz_Plugin/JUCE/examples/DemoRunner/JuceLibraryCode/include_juce_graphics.cpp", "C++", -1, 0, 0, 0, 0, 0, 0, 0, 0, 0, 0, 0, 0, 0, 0, 0, 0, -6, -2, -9
"/Users/williamsmith/Desktop/Terminal_Fuzz_Plugin/JUCE/examples/DemoRunner/JuceLibraryCode/include_juce_graphics.mm", "Objective-C++", 0, 0, 0, 0, 0, 0, 0, 0, 0, 0, 0, 0, 0, 0, -1, 0, 0, -6, -2, -9
"/Users/williamsmith/Desktop/Terminal_Fuzz_Plugin/JUCE/examples/DemoRunner/JuceLibraryCode/include_juce_graphics_Harfbuzz.cpp", "C++", -1, 0, 0, 0, 0, 0, 0, 0, 0, 0, 0, 0, 0, 0, 0, 0, 0, -6, -2, -9
"/Users/williamsmith/Desktop/Terminal_Fuzz_Plugin/JUCE/examples/DemoRunner/JuceLibraryCode/include_juce_graphics_Sheenbidi.c", "C", 0, 0, 0, 0, 0, 0, 0, -1, 0, 0, 0, 0, 0, 0, 0, 0, 0, -6, -2, -9
"/Users/williamsmith/Desktop/Terminal_Fuzz_Plugin/JUCE/examples/DemoRunner/JuceLibraryCode/include_juce_gui_basics.cpp", "C++", -1, 0, 0, 0, 0, 0, 0, 0, 0, 0, 0, 0, 0, 0, 0, 0, 0, -6, -2, -9
"/Users/williamsmith/Desktop/Terminal_Fuzz_Plugin/JUCE/examples/DemoRunner/JuceLibraryCode/include_juce_gui_basics.mm", "Objective-C++", 0, 0, 0, 0, 0, 0, 0, 0, 0, 0, 0, 0, 0, 0, -1, 0, 0, -6, -2, -9
"/Users/williamsmith/Desktop/Terminal_Fuzz_Plugin/JUCE/examples/DemoRunner/JuceLibraryCode/include_juce_gui_extra.cpp", "C++", -1, 0, 0, 0, 0, 0, 0, 0, 0, 0, 0, 0, 0, 0, 0, 0, 0, -6, -2, -9
"/Users/williamsmith/Desktop/Terminal_Fuzz_Plugin/JUCE/examples/DemoRunner/JuceLibraryCode/include_juce_gui_extra.mm", "Objective-C++", 0, 0, 0, 0, 0, 0, 0, 0, 0, 0, 0, 0, 0, 0, -1, 0, 0, -6, -2, -9
"/Users/williamsmith/Desktop/Terminal_Fuzz_Plugin/JUCE/examples/DemoRunner/JuceLibraryCode/include_juce_opengl.cpp", "C++", -1, 0, 0, 0, 0, 0, 0, 0, 0, 0, 0, 0, 0, 0, 0, 0, 0, -6, -2, -9
"/Users/williamsmith/Desktop/Terminal_Fuzz_Plugin/JUCE/examples/DemoRunner/JuceLibraryCode/include_juce_opengl.mm", "Objective-C++", 0, 0, 0, 0, 0, 0, 0, 0, 0, 0, 0, 0, 0, 0, -1, 0, 0, -6, -2, -9
"/Users/williamsmith/Desktop/Terminal_Fuzz_Plugin/JUCE/examples/DemoRunner/JuceLibraryCode/include_juce_osc.cpp", "C++", -1, 0, 0, 0, 0, 0, 0, 0, 0, 0, 0, 0, 0, 0, 0, 0, 0, -6, -2, -9
"/Users/williamsmith/Desktop/Terminal_Fuzz_Plugin/JUCE/examples/DemoRunner/JuceLibraryCode/include_juce_product_unlocking.cpp", "C++", -1, 0, 0, 0, 0, 0, 0, 0, 0, 0, 0, 0, 0, 0, 0, 0, 0, -6, -2, -9
"/Users/williamsmith/Desktop/Terminal_Fuzz_Plugin/JUCE/examples/DemoRunner/JuceLibraryCode/include_juce_product_unlocking.mm", "Objective-C++", 0, 0, 0, 0, 0, 0, 0, 0, 0, 0, 0, 0, 0, 0, -1, 0, 0, -6, -2, -9
"/Users/williamsmith/Desktop/Terminal_Fuzz_Plugin/JUCE/examples/DemoRunner/JuceLibraryCode/include_juce_video.cpp", "C++", -1, 0, 0, 0, 0, 0, 0, 0, 0, 0, 0, 0, 0, 0, 0, 0, 0, -6, -2, -9
"/Users/williamsmith/Desktop/Terminal_Fuzz_Plugin/JUCE/examples/DemoRunner/JuceLibraryCode/include_juce_video.mm", "Objective-C++", 0, 0, 0, 0, 0, 0, 0, 0, 0, 0, 0, 0, 0, 0, -1, 0, 0, -6, -2, -9
"/Users/williamsmith/Desktop/Terminal_Fuzz_Plugin/JUCE/examples/DemoRunner/Source/Demos/DemoPIPs1.cpp", "C++", -87, 0, 0, 0, 0, 0, 0, 0, 0, 0, 0, 0, 0, 0, 0, 0, 0, -23, -11, -121
"/Users/williamsmith/Desktop/Terminal_Fuzz_Plugin/JUCE/examples/DemoRunner/Source/Demos/DemoPIPs2.cpp", "C++", -93, 0, 0, 0, 0, 0, 0, 0, 0, 0, 0, 0, 0, 0, 0, 0, 0, -23, -7, -123
"/Users/williamsmith/Desktop/Terminal_Fuzz_Plugin/JUCE/examples/DemoRunner/Source/Demos/IntroScreen.h", "C++", -78, 0, 0, 0, 0, 0, 0, 0, 0, 0, 0, 0, 0, 0, 0, 0, 0, -24, -26, -128
"/Users/williamsmith/Desktop/Terminal_Fuzz_Plugin/JUCE/examples/DemoRunner/Source/Demos/JUCEDemos.cpp", "C++", -116, 0, 0, 0, 0, 0, 0, 0, 0, 0, 0, 0, 0, 0, 0, 0, 0, -26, -33, -175
"/Users/williamsmith/Desktop/Terminal_Fuzz_Plugin/JUCE/examples/DemoRunner/Source/Demos/JUCEDemos.h", "C++", -36, 0, 0, 0, 0, 0, 0, 0, 0, 0, 0, 0, 0, 0, 0, 0, 0, -27, -17, -80
"/Users/williamsmith/Desktop/Terminal_Fuzz_Plugin/JUCE/examples/DemoRunner/Source/Main.cpp", "C++", -110, 0, 0, 0, 0, 0, 0, 0, 0, 0, 0, 0, 0, 0, 0, 0, 0, -38, -34, -182
"/Users/williamsmith/Desktop/Terminal_Fuzz_Plugin/JUCE/examples/DemoRunner/Source/UI/DemoContentComponent.cpp", "C++", -148, 0, 0, 0, 0, 0, 0, 0, 0, 0, 0, 0, 0, 0, 0, 0, 0, -25, -47, -220
"/Users/williamsmith/Desktop/Terminal_Fuzz_Plugin/JUCE/examples/DemoRunner/Source/UI/DemoContentComponent.h", "C++", -31, 0, 0, 0, 0, 0, 0, 0, 0, 0, 0, 0, 0, 0, 0, 0, 0, -24, -15, -70
"/Users/williamsmith/Desktop/Terminal_Fuzz_Plugin/JUCE/examples/DemoRunner/Source/UI/MainComponent.cpp", "C++", -347, 0, 0, 0, 0, 0, 0, 0, 0, 0, 0, 0, 0, 0, 0, 0, 0, -31, -89, -467
"/Users/williamsmith/Desktop/Terminal_Fuzz_Plugin/JUCE/examples/DemoRunner/Source/UI/MainComponent.h", "C++", -30, 0, 0, 0, 0, 0, 0, 0, 0, 0, 0, 0, 0, 0, 0, 0, 0, -29, -14, -73
"/Users/williamsmith/Desktop/Terminal_Fuzz_Plugin/JUCE/examples/DemoRunner/Source/UI/SettingsContent.h", "C++", -172, 0, 0, 0, 0, 0, 0, 0, 0, 0, 0, 0, 0, 0, 0, 0, 0, -24, -54, -250
"/Users/williamsmith/Desktop/Terminal_Fuzz_Plugin/JUCE/examples/GUI/AccessibilityDemo.h", "C++", -1056, 0, 0, 0, 0, 0, 0, 0, 0, 0, 0, 0, 0, 0, 0, 0, 0, -137, -299, -1492
"/Users/williamsmith/Desktop/Terminal_Fuzz_Plugin/JUCE/examples/GUI/AnimationAppDemo.h", "C++", -37, 0, 0, 0, 0, 0, 0, 0, 0, 0, 0, 0, 0, 0, 0, 0, 0, -63, -17, -117
"/Users/williamsmith/Desktop/Terminal_Fuzz_Plugin/JUCE/examples/GUI/AnimationEasingDemo.h", "C++", -636, 0, 0, 0, 0, 0, 0, 0, 0, 0, 0, 0, 0, 0, 0, 0, 0, -61, -154, -851
"/Users/williamsmith/Desktop/Terminal_Fuzz_Plugin/JUCE/examples/GUI/AnimatorsDemo.h", "C++", -698, 0, 0, 0, 0, 0, 0, 0, 0, 0, 0, 0, 0, 0, 0, 0, 0, -62, -141, -901
"/Users/williamsmith/Desktop/Terminal_Fuzz_Plugin/JUCE/examples/GUI/BouncingBallWavetableDemo.h", "C++", -167, 0, 0, 0, 0, 0, 0, 0, 0, 0, 0, 0, 0, 0, 0, 0, 0, -66, -46, -279
"/Users/williamsmith/Desktop/Terminal_Fuzz_Plugin/JUCE/examples/GUI/CMakeLists.txt", "CMake", 0, 0, -21, 0, 0, 0, 0, 0, 0, 0, 0, 0, 0, 0, 0, 0, 0, 0, -2, -23
"/Users/williamsmith/Desktop/Terminal_Fuzz_Plugin/JUCE/examples/GUI/CameraDemo.h", "C++", -269, 0, 0, 0, 0, 0, 0, 0, 0, 0, 0, 0, 0, 0, 0, 0, 0, -64, -67, -400
"/Users/williamsmith/Desktop/Terminal_Fuzz_Plugin/JUCE/examples/GUI/CodeEditorDemo.h", "C++", -123, 0, 0, 0, 0, 0, 0, 0, 0, 0, 0, 0, 0, 0, 0, 0, 0, -55, -33, -211
"/Users/williamsmith/Desktop/Terminal_Fuzz_Plugin/JUCE/examples/GUI/ComponentDemo.h", "C++", -66, 0, 0, 0, 0, 0, 0, 0, 0, 0, 0, 0, 0, 0, 0, 0, 0, -78, -23, -167
"/Users/williamsmith/Desktop/Terminal_Fuzz_Plugin/JUCE/examples/GUI/ComponentTransformsDemo.h", "C++", -90, 0, 0, 0, 0, 0, 0, 0, 0, 0, 0, 0, 0, 0, 0, 0, 0, -49, -27, -166
"/Users/williamsmith/Desktop/Terminal_Fuzz_Plugin/JUCE/examples/GUI/DialogsDemo.h", "C++", -406, 0, 0, 0, 0, 0, 0, 0, 0, 0, 0, 0, 0, 0, 0, 0, 0, -62, -85, -553
"/Users/williamsmith/Desktop/Terminal_Fuzz_Plugin/JUCE/examples/GUI/FlexBoxDemo.h", "C++", -217, 0, 0, 0, 0, 0, 0, 0, 0, 0, 0, 0, 0, 0, 0, 0, 0, -50, -58, -325
"/Users/williamsmith/Desktop/Terminal_Fuzz_Plugin/JUCE/examples/GUI/FontsDemo.h", "C++", -233, 0, 0, 0, 0, 0, 0, 0, 0, 0, 0, 0, 0, 0, 0, 0, 0, -57, -72, -362
"/Users/williamsmith/Desktop/Terminal_Fuzz_Plugin/JUCE/examples/GUI/GraphicsDemo.h", "C++", -562, 0, 0, 0, 0, 0, 0, 0, 0, 0, 0, 0, 0, 0, 0, 0, 0, -71, -153, -786
"/Users/williamsmith/Desktop/Terminal_Fuzz_Plugin/JUCE/examples/GUI/GridDemo.h", "C++", -73, 0, 0, 0, 0, 0, 0, 0, 0, 0, 0, 0, 0, 0, 0, 0, 0, -50, -23, -146
"/Users/williamsmith/Desktop/Terminal_Fuzz_Plugin/JUCE/examples/GUI/HelloWorldDemo.h", "C++", -45, 0, 0, 0, 0, 0, 0, 0, 0, 0, 0, 0, 0, 0, 0, 0, 0, -53, -15, -113
"/Users/williamsmith/Desktop/Terminal_Fuzz_Plugin/JUCE/examples/GUI/ImagesDemo.h", "C++", -75, 0, 0, 0, 0, 0, 0, 0, 0, 0, 0, 0, 0, 0, 0, 0, 0, -57, -28, -160
"/Users/williamsmith/Desktop/Terminal_Fuzz_Plugin/JUCE/examples/GUI/KeyMappingsDemo.h", "C++", -180, 0, 0, 0, 0, 0, 0, 0, 0, 0, 0, 0, 0, 0, 0, 0, 0, -62, -34, -276
"/Users/williamsmith/Desktop/Terminal_Fuzz_Plugin/JUCE/examples/GUI/LookAndFeelDemo.h", "C++", -452, 0, 0, 0, 0, 0, 0, 0, 0, 0, 0, 0, 0, 0, 0, 0, 0, -64, -120, -636
"/Users/williamsmith/Desktop/Terminal_Fuzz_Plugin/JUCE/examples/GUI/MDIDemo.h", "C++", -190, 0, 0, 0, 0, 0, 0, 0, 0, 0, 0, 0, 0, 0, 0, 0, 0, -65, -52, -307
"/Users/williamsmith/Desktop/Terminal_Fuzz_Plugin/JUCE/examples/GUI/MenusDemo.h", "C++", -371, 0, 0, 0, 0, 0, 0, 0, 0, 0, 0, 0, 0, 0, 0, 0, 0, -82, -75, -528
"/Users/williamsmith/Desktop/Terminal_Fuzz_Plugin/JUCE/examples/GUI/MultiTouchDemo.h", "C++", -105, 0, 0, 0, 0, 0, 0, 0, 0, 0, 0, 0, 0, 0, 0, 0, 0, -49, -33, -187
"/Users/williamsmith/Desktop/Terminal_Fuzz_Plugin/JUCE/examples/GUI/OpenGLAppDemo.h", "C++", -295, 0, 0, 0, 0, 0, 0, 0, 0, 0, 0, 0, 0, 0, 0, 0, 0, -69, -78, -442
"/Users/williamsmith/Desktop/Terminal_Fuzz_Plugin/JUCE/examples/GUI/OpenGLDemo.h", "C++", -994, 0, 0, 0, 0, 0, 0, 0, 0, 0, 0, 0, 0, 0, 0, 0, 0, -87, -228, -1309
"/Users/williamsmith/Desktop/Terminal_Fuzz_Plugin/JUCE/examples/GUI/OpenGLDemo2D.h", "C++", -169, 0, 0, 0, 0, 0, 0, 0, 0, 0, 0, 0, 0, 0, 0, 0, 0, -49, -48, -266
"/Users/williamsmith/Desktop/Terminal_Fuzz_Plugin/JUCE/examples/GUI/PropertiesDemo.h", "C++", -146, 0, 0, 0, 0, 0, 0, 0, 0, 0, 0, 0, 0, 0, 0, 0, 0, -52, -38, -236
"/Users/williamsmith/Desktop/Terminal_Fuzz_Plugin/JUCE/examples/GUI/VideoDemo.h", "C++", -511, 0, 0, 0, 0, 0, 0, 0, 0, 0, 0, 0, 0, 0, 0, 0, 0, -64, -141, -716
"/Users/williamsmith/Desktop/Terminal_Fuzz_Plugin/JUCE/examples/GUI/WebBrowserDemo.h", "C++", -68, 0, 0, 0, 0, 0, 0, 0, 0, 0, 0, 0, 0, 0, 0, 0, 0, -65, -26, -159
"/Users/williamsmith/Desktop/Terminal_Fuzz_Plugin/JUCE/examples/GUI/WidgetsDemo.h", "C++", -1179, 0, 0, 0, 0, 0, 0, 0, 0, 0, 0, 0, 0, 0, 0, 0, 0, -167, -281, -1627
"/Users/williamsmith/Desktop/Terminal_Fuzz_Plugin/JUCE/examples/GUI/WindowsDemo.h", "C++", -338, 0, 0, 0, 0, 0, 0, 0, 0, 0, 0, 0, 0, 0, 0, 0, 0, -61, -95, -494
"/Users/williamsmith/Desktop/Terminal_Fuzz_Plugin/JUCE/examples/Plugins/ARAPluginDemo.h", "C++", -1800, 0, 0, 0, 0, 0, 0, 0, 0, 0, 0, 0, 0, 0, 0, 0, 0, -127, -427, -2354
"/Users/williamsmith/Desktop/Terminal_Fuzz_Plugin/JUCE/examples/Plugins/AUv3SynthPluginDemo.h", "C++", -305, 0, 0, 0, 0, 0, 0, 0, 0, 0, 0, 0, 0, 0, 0, 0, 0, -85, -92, -482
"/Users/williamsmith/Desktop/Terminal_Fuzz_Plugin/JUCE/examples/Plugins/ArpeggiatorPluginDemo.h", "C++", -77, 0, 0, 0, 0, 0, 0, 0, 0, 0, 0, 0, 0, 0, 0, 0, 0, -65, -29, -171
"/Users/williamsmith/Desktop/Terminal_Fuzz_Plugin/JUCE/examples/Plugins/AudioPluginDemo.h", "C++", -410, 0, 0, 0, 0, 0, 0, 0, 0, 0, 0, 0, 0, 0, 0, 0, 0, -133, -127, -670
"/Users/williamsmith/Desktop/Terminal_Fuzz_Plugin/JUCE/examples/Plugins/CMakeLists.txt", "CMake", 0, 0, -21, 0, 0, 0, 0, 0, 0, 0, 0, 0, 0, 0, 0, 0, 0, 0, -2, -23
"/Users/williamsmith/Desktop/Terminal_Fuzz_Plugin/JUCE/examples/Plugins/DSPModulePluginDemo.h", "C++", -1730, 0, 0, 0, 0, 0, 0, 0, 0, 0, 0, 0, 0, 0, 0, 0, 0, -84, -315, -2129
"/Users/williamsmith/Desktop/Terminal_Fuzz_Plugin/JUCE/examples/Plugins/GainPluginDemo.h", "C++", -49, 0, 0, 0, 0, 0, 0, 0, 0, 0, 0, 0, 0, 0, 0, 0, 0, -60, -18, -127
"/Users/williamsmith/Desktop/Terminal_Fuzz_Plugin/JUCE/examples/Plugins/HostPluginDemo.h", "C++", -411, 0, 0, 0, 0, 0, 0, 0, 0, 0, 0, 0, 0, 0, 0, 0, 0, -75, -103, -589
"/Users/williamsmith/Desktop/Terminal_Fuzz_Plugin/JUCE/examples/Plugins/MidiLoggerPluginDemo.h", "C++", -239, 0, 0, 0, 0, 0, 0, 0, 0, 0, 0, 0, 0, 0, 0, 0, 0, -57, -60, -356
"/Users/williamsmith/Desktop/Terminal_Fuzz_Plugin/JUCE/examples/Plugins/MultiOutSynthPluginDemo.h", "C++", -113, 0, 0, 0, 0, 0, 0, 0, 0, 0, 0, 0, 0, 0, 0, 0, 0, -65, -35, -213
"/Users/williamsmith/Desktop/Terminal_Fuzz_Plugin/JUCE/examples/Plugins/NoiseGatePluginDemo.h", "C++", -72, 0, 0, 0, 0, 0, 0, 0, 0, 0, 0, 0, 0, 0, 0, 0, 0, -60, -24, -156
"/Users/williamsmith/Desktop/Terminal_Fuzz_Plugin/JUCE/examples/Plugins/ReaperEmbeddedViewPluginDemo.h", "C++", -290, 0, 0, 0, 0, 0, 0, 0, 0, 0, 0, 0, 0, 0, 0, 0, 0, -79, -83, -452
"/Users/williamsmith/Desktop/Terminal_Fuzz_Plugin/JUCE/examples/Plugins/SamplerPluginDemo.h", "C++", -2037, 0, 0, 0, 0, 0, 0, 0, 0, 0, 0, 0, 0, 0, 0, 0, 0, -140, -434, -2611
"/Users/williamsmith/Desktop/Terminal_Fuzz_Plugin/JUCE/examples/Plugins/SurroundPluginDemo.h", "C++", -315, 0, 0, 0, 0, 0, 0, 0, 0, 0, 0, 0, 0, 0, 0, 0, 0, -59, -92, -466
"/Users/williamsmith/Desktop/Terminal_Fuzz_Plugin/JUCE/examples/Plugins/WebViewPluginDemo.h", "C++", -438, 0, 0, 0, 0, 0, 0, 0, 0, 0, 0, 0, 0, 0, 0, 0, 0, -69, -126, -633
"/Users/williamsmith/Desktop/Terminal_Fuzz_Plugin/JUCE/examples/Plugins/WebViewPluginDemoGUI/.eslintrc.js", "JavaScript", 0, 0, 0, 0, 0, 0, 0, 0, 0, 0, 0, 0, 0, 0, 0, -26, 0, -22, -2, -50
"/Users/williamsmith/Desktop/Terminal_Fuzz_Plugin/JUCE/examples/Plugins/WebViewPluginDemoGUI/README.md", "Markdown", 0, 0, 0, 0, 0, 0, 0, 0, -38, 0, 0, 0, 0, 0, 0, 0, 0, 0, -33, -71
"/Users/williamsmith/Desktop/Terminal_Fuzz_Plugin/JUCE/examples/Plugins/WebViewPluginDemoGUI/package-lock.json", "JSON", 0, 0, 0, 0, 0, -18896, 0, 0, 0, 0, 0, 0, 0, 0, 0, 0, 0, 0, -1, -18897
"/Users/williamsmith/Desktop/Terminal_Fuzz_Plugin/JUCE/examples/Plugins/WebViewPluginDemoGUI/package.json", "JSON", 0, 0, 0, 0, 0, -50, 0, 0, 0, 0, 0, 0, 0, 0, 0, 0, 0, 0, -1, -51
"/Users/williamsmith/Desktop/Terminal_Fuzz_Plugin/JUCE/examples/Plugins/WebViewPluginDemoGUI/public/index.html", "HTML", 0, 0, 0, 0, 0, 0, 0, 0, 0, -20, 0, 0, 0, 0, 0, 0, 0, -23, -1, -44
"/Users/williamsmith/Desktop/Terminal_Fuzz_Plugin/JUCE/examples/Plugins/WebViewPluginDemoGUI/public/manifest.json", "JSON", 0, 0, 0, 0, 0, -25, 0, 0, 0, 0, 0, 0, 0, 0, 0, 0, 0, 0, -1, -26
"/Users/williamsmith/Desktop/Terminal_Fuzz_Plugin/JUCE/examples/Plugins/WebViewPluginDemoGUI/src/App.css", "PostCSS", 0, 0, 0, 0, 0, 0, 0, 0, 0, 0, 0, 0, 0, 0, 0, 0, 0, 0, -1, -1
"/Users/williamsmith/Desktop/Terminal_Fuzz_Plugin/JUCE/examples/Plugins/WebViewPluginDemoGUI/src/App.js", "JavaScript", 0, 0, 0, 0, 0, 0, 0, 0, 0, 0, 0, 0, 0, 0, 0, -368, 0, -27, -73, -468
"/Users/williamsmith/Desktop/Terminal_Fuzz_Plugin/JUCE/examples/Plugins/WebViewPluginDemoGUI/src/App.test.js", "JavaScript", 0, 0, 0, 0, 0, 0, 0, 0, 0, 0, 0, 0, 0, 0, 0, -7, 0, -22, -3, -32
"/Users/williamsmith/Desktop/Terminal_Fuzz_Plugin/JUCE/examples/Plugins/WebViewPluginDemoGUI/src/index.css", "PostCSS", 0, 0, 0, 0, 0, 0, 0, 0, 0, 0, 0, 0, 0, 0, 0, 0, -13, 0, -2, -15
"/Users/williamsmith/Desktop/Terminal_Fuzz_Plugin/JUCE/examples/Plugins/WebViewPluginDemoGUI/src/index.js", "JavaScript", 0, 0, 0, 0, 0, 0, 0, 0, 0, 0, 0, 0, 0, 0, 0, -12, 0, -25, -4, -41
"/Users/williamsmith/Desktop/Terminal_Fuzz_Plugin/JUCE/examples/Plugins/WebViewPluginDemoGUI/src/reportWebVitals.js", "JavaScript", 0, 0, 0, 0, 0, 0, 0, 0, 0, 0, 0, 0, 0, 0, 0, -12, 0, -22, -3, -37
"/Users/williamsmith/Desktop/Terminal_Fuzz_Plugin/JUCE/examples/Plugins/WebViewPluginDemoGUI/src/setupTests.js", "JavaScript", 0, 0, 0, 0, 0, 0, 0, 0, 0, 0, 0, 0, 0, 0, 0, -1, 0, -26, -2, -29
"/Users/williamsmith/Desktop/Terminal_Fuzz_Plugin/JUCE/examples/Plugins/extern/LICENSE.md", "Markdown", 0, 0, 0, 0, 0, 0, 0, 0, -16, 0, 0, 0, 0, 0, 0, 0, 0, 0, -4, -20
"/Users/williamsmith/Desktop/Terminal_Fuzz_Plugin/JUCE/examples/Plugins/extern/reaper_plugin_fx_embed.h", "C++", -62, 0, 0, 0, 0, 0, 0, 0, 0, 0, 0, 0, 0, 0, 0, 0, 0, -48, -31, -141
"/Users/williamsmith/Desktop/Terminal_Fuzz_Plugin/JUCE/examples/Plugins/extern/reaper_vst3_interfaces.h", "C++", -19, 0, 0, 0, 0, 0, 0, 0, 0, 0, 0, 0, 0, 0, 0, 0, 0, -4, -9, -32
"/Users/williamsmith/Desktop/Terminal_Fuzz_Plugin/JUCE/examples/Utilities/AnalyticsCollectionDemo.h", "C++", -216, 0, 0, 0, 0, 0, 0, 0, 0, 0, 0, 0, 0, 0, 0, 0, 0, -82, -76, -374
"/Users/williamsmith/Desktop/Terminal_Fuzz_Plugin/JUCE/examples/Utilities/Box2DDemo.h", "C++", -220, 0, 0, 0, 0, 0, 0, 0, 0, 0, 0, 0, 0, 0, 0, 0, 0, -57, -61, -338
"/Users/williamsmith/Desktop/Terminal_Fuzz_Plugin/JUCE/examples/Utilities/CMakeLists.txt", "CMake", 0, 0, -21, 0, 0, 0, 0, 0, 0, 0, 0, 0, 0, 0, 0, 0, 0, 0, -2, -23
"/Users/williamsmith/Desktop/Terminal_Fuzz_Plugin/JUCE/examples/Utilities/ChildProcessDemo.h", "C++", -221, 0, 0, 0, 0, 0, 0, 0, 0, 0, 0, 0, 0, 0, 0, 0, 0, -92, -69, -382
"/Users/williamsmith/Desktop/Terminal_Fuzz_Plugin/JUCE/examples/Utilities/CryptographyDemo.h", "C++", -172, 0, 0, 0, 0, 0, 0, 0, 0, 0, 0, 0, 0, 0, 0, 0, 0, -54, -50, -276
"/Users/williamsmith/Desktop/Terminal_Fuzz_Plugin/JUCE/examples/Utilities/InAppPurchasesDemo.h", "C++", -414, 0, 0, 0, 0, 0, 0, 0, 0, 0, 0, 0, 0, 0, 0, 0, 0, -84, -120, -618
"/Users/williamsmith/Desktop/Terminal_Fuzz_Plugin/JUCE/examples/Utilities/JavaScriptDemo.h", "C++", -99, 0, 0, 0, 0, 0, 0, 0, 0, 0, 0, 0, 0, 0, 0, 0, 0, -56, -36, -191
"/Users/williamsmith/Desktop/Terminal_Fuzz_Plugin/JUCE/examples/Utilities/LiveConstantDemo.h", "C++", -66, 0, 0, 0, 0, 0, 0, 0, 0, 0, 0, 0, 0, 0, 0, 0, 0, -50, -22, -138
"/Users/williamsmith/Desktop/Terminal_Fuzz_Plugin/JUCE/examples/Utilities/MultithreadingDemo.h", "C++", -197, 0, 0, 0, 0, 0, 0, 0, 0, 0, 0, 0, 0, 0, 0, 0, 0, -75, -66, -338
"/Users/williamsmith/Desktop/Terminal_Fuzz_Plugin/JUCE/examples/Utilities/NetworkingDemo.h", "C++", -69, 0, 0, 0, 0, 0, 0, 0, 0, 0, 0, 0, 0, 0, 0, 0, 0, -49, -24, -142
"/Users/williamsmith/Desktop/Terminal_Fuzz_Plugin/JUCE/examples/Utilities/OSCDemo.h", "C++", -342, 0, 0, 0, 0, 0, 0, 0, 0, 0, 0, 0, 0, 0, 0, 0, 0, -84, -77, -503
"/Users/williamsmith/Desktop/Terminal_Fuzz_Plugin/JUCE/examples/Utilities/PushNotificationsDemo.h", "C++", -970, 0, 0, 0, 0, 0, 0, 0, 0, 0, 0, 0, 0, 0, 0, 0, 0, -125, -172, -1267
"/Users/williamsmith/Desktop/Terminal_Fuzz_Plugin/JUCE/examples/Utilities/SystemInfoDemo.h", "C++", -175, 0, 0, 0, 0, 0, 0, 0, 0, 0, 0, 0, 0, 0, 0, 0, 0, -49, -38, -262
"/Users/williamsmith/Desktop/Terminal_Fuzz_Plugin/JUCE/examples/Utilities/TimersAndEventsDemo.h", "C++", -153, 0, 0, 0, 0, 0, 0, 0, 0, 0, 0, 0, 0, 0, 0, 0, 0, -69, -44, -266
"/Users/williamsmith/Desktop/Terminal_Fuzz_Plugin/JUCE/examples/Utilities/UnitTestsDemo.h", "C++", -138, 0, 0, 0, 0, 0, 0, 0, 0, 0, 0, 0, 0, 0, 0, 0, 0, -60, -40, -238
"/Users/williamsmith/Desktop/Terminal_Fuzz_Plugin/JUCE/examples/Utilities/ValueTreesDemo.h", "C++", -210, 0, 0, 0, 0, 0, 0, 0, 0, 0, 0, 0, 0, 0, 0, 0, 0, -50, -55, -315
"/Users/williamsmith/Desktop/Terminal_Fuzz_Plugin/JUCE/examples/Utilities/XMLandJSONDemo.h", "C++", -251, 0, 0, 0, 0, 0, 0, 0, 0, 0, 0, 0, 0, 0, 0, 0, 0, -82, -72, -405
"/Users/williamsmith/Desktop/Terminal_Fuzz_Plugin/Source/DSP/TerminalCircuit.cpp", "C++", 0, 0, 0, 0, 0, 0, 0, 0, 0, 0, 0, 0, 0, 0, 0, 0, 0, 0, 1, 1
"/Users/williamsmith/Desktop/Terminal_Fuzz_Plugin/Tests/CMakeLists.txt", "CMake", 0, 0, -48, 0, 0, 0, 0, 0, 0, 0, 0, 0, 0, 0, 0, 0, 0, 0, -8, -56
"/Users/williamsmith/Desktop/Terminal_Fuzz_Plugin/Tests/CircuitValidationTests.cpp", "C++", -521, 0, 0, 0, 0, 0, 0, 0, 0, 0, 0, 0, 0, 0, 0, 0, 0, -70, -165, -756
"/Users/williamsmith/Desktop/Terminal_Fuzz_Plugin/Tests/CircuitValidationTests.h", "C++", -126, 0, 0, 0, 0, 0, 0, 0, 0, 0, 0, 0, 0, 0, 0, 0, 0, -70, -34, -230
"/Users/williamsmith/Desktop/Terminal_Fuzz_Plugin/Tests/README.md", "Markdown", 0, 0, 0, 0, 0, 0, 0, 0, -126, 0, 0, 0, 0, 0, 0, 0, 0, 0, -34, -160
"/Users/williamsmith/Desktop/Terminal_Fuzz_Plugin/Tests/TestMain.cpp", "C++", -22, 0, 0, 0, 0, 0, 0, 0, 0, 0, 0, 0, 0, 0, 0, 0, 0, -4, -7, -33
"/Users/williamsmith/Desktop/Terminal_Fuzz_Plugin/Tests/ValidationFramework.cpp", "C++", -247, 0, 0, 0, 0, 0, 0, 0, 0, 0, 0, 0, 0, 0, 0, 0, 0, -10, -47, -304
"/Users/williamsmith/Desktop/Terminal_Fuzz_Plugin/build/.claude/settings.local.json", "JSON", 0, 0, 0, 0, 0, -10, 0, 0, 0, 0, 0, 0, 0, 0, 0, 0, 0, 0, 0, -10
"/Users/williamsmith/Desktop/Terminal_Fuzz_Plugin/build/CMakeCache.txt", "CMake Cache", 0, -384, 0, 0, 0, 0, 0, 0, 0, 0, 0, 0, 0, 0, 0, 0, 0, 0, -101, -485
"/Users/williamsmith/Desktop/Terminal_Fuzz_Plugin/build/CMakeFiles/4.0.3/CMakeCCompiler.cmake", "CMake", 0, 0, -67, 0, 0, 0, 0, 0, 0, 0, 0, 0, 0, 0, 0, 0, 0, 0, -18, -85
"/Users/williamsmith/Desktop/Terminal_Fuzz_Plugin/build/CMakeFiles/4.0.3/CMakeCXXCompiler.cmake", "CMake", 0, 0, -81, 0, 0, 0, 0, 0, 0, 0, 0, 0, 0, 0, 0, 0, 0, 0, -24, -105
"/Users/williamsmith/Desktop/Terminal_Fuzz_Plugin/build/CMakeFiles/4.0.3/CMakeSystem.cmake", "CMake", 0, 0, -10, 0, 0, 0, 0, 0, 0, 0, 0, 0, 0, 0, 0, 0, 0, 0, -6, -16
"/Users/williamsmith/Desktop/Terminal_Fuzz_Plugin/build/CMakeFiles/4.0.3/CompilerIdC/CMakeCCompilerId.c", "C", 0, 0, 0, 0, 0, 0, 0, -690, 0, 0, 0, 0, 0, 0, 0, 0, 0, -61, -155, -906
"/Users/williamsmith/Desktop/Terminal_Fuzz_Plugin/build/CMakeFiles/4.0.3/CompilerIdC/apple-sdk.c", "C", 0, 0, 0, 0, 0, 0, 0, -1, 0, 0, 0, 0, 0, 0, 0, 0, 0, 0, -1, -2
"/Users/williamsmith/Desktop/Terminal_Fuzz_Plugin/build/CMakeFiles/4.0.3/CompilerIdCXX/CMakeCXXCompilerId.cpp", "C++", -708, 0, 0, 0, 0, 0, 0, 0, 0, 0, 0, 0, 0, 0, 0, 0, 0, -62, -151, -921
"/Users/williamsmith/Desktop/Terminal_Fuzz_Plugin/build/CMakeFiles/4.0.3/CompilerIdCXX/apple-sdk.cpp", "C++", -1, 0, 0, 0, 0, 0, 0, 0, 0, 0, 0, 0, 0, 0, 0, 0, 0, 0, -1, -2
"/Users/williamsmith/Desktop/Terminal_Fuzz_Plugin/build/CMakeFiles/CMakeConfigureLog.yaml", "YAML", 0, 0, 0, 0, 0, 0, -3113, 0, 0, 0, 0, 0, 0, 0, 0, 0, 0, -336, -192, -3641
"/Users/williamsmith/Desktop/Terminal_Fuzz_Plugin/build/CMakeFiles/CMakeDirectoryInformation.cmake", "CMake", 0, 0, -12, 0, 0, 0, 0, 0, 0, 0, 0, 0, 0, 0, 0, 0, 0, 0, -5, -17
"/Users/williamsmith/Desktop/Terminal_Fuzz_Plugin/build/CMakeFiles/InstallScripts.json", "JSON", 0, 0, 0, 0, 0, -11, 0, 0, 0, 0, 0, 0, 0, 0, 0, 0, 0, 0, -1, -12
"/Users/williamsmith/Desktop/Terminal_Fuzz_Plugin/build/CMakeFiles/Makefile.cmake", "CMake", 0, 0, -104, 0, 0, 0, 0, 0, 0, 0, 0, 0, 0, 0, 0, 0, 0, 0, -6, -110
"/Users/williamsmith/Desktop/Terminal_Fuzz_Plugin/build/CMakeFiles/TerminalFuzzPlugin.dir/DependInfo.cmake", "CMake", 0, 0, -39, 0, 0, 0, 0, 0, 0, 0, 0, 0, 0, 0, 0, 0, 0, 0, -7, -46
"/Users/williamsmith/Desktop/Terminal_Fuzz_Plugin/build/CMakeFiles/TerminalFuzzPlugin.dir/cmake_clean.cmake", "CMake", 0, 0, -55, 0, 0, 0, 0, 0, 0, 0, 0, 0, 0, 0, 0, 0, 0, 0, -2, -57
"/Users/williamsmith/Desktop/Terminal_Fuzz_Plugin/build/CMakeFiles/TerminalFuzzPlugin.dir/cmake_clean_target.cmake", "CMake", 0, 0, -3, 0, 0, 0, 0, 0, 0, 0, 0, 0, 0, 0, 0, 0, 0, 0, -1, -4
"/Users/williamsmith/Desktop/Terminal_Fuzz_Plugin/build/CMakeFiles/TerminalFuzzPlugin.dir/compiler_depend.ts", "TypeScript", 0, 0, 0, 0, -2, 0, 0, 0, 0, 0, 0, 0, 0, 0, 0, 0, 0, 0, -1, -3
"/Users/williamsmith/Desktop/Terminal_Fuzz_Plugin/build/CMakeFiles/TerminalFuzzPlugin_AU.dir/DependInfo.cmake", "CMake", 0, 0, -27, 0, 0, 0, 0, 0, 0, 0, 0, 0, 0, 0, 0, 0, 0, 0, -7, -34
"/Users/williamsmith/Desktop/Terminal_Fuzz_Plugin/build/CMakeFiles/TerminalFuzzPlugin_AU.dir/cmake_clean.cmake", "CMake", 0, 0, -31, 0, 0, 0, 0, 0, 0, 0, 0, 0, 0, 0, 0, 0, 0, 0, -2, -33
"/Users/williamsmith/Desktop/Terminal_Fuzz_Plugin/build/CMakeFiles/TerminalFuzzPlugin_AU.dir/compiler_depend.ts", "TypeScript", 0, 0, 0, 0, -2, 0, 0, 0, 0, 0, 0, 0, 0, 0, 0, 0, 0, 0, -1, -3
"/Users/williamsmith/Desktop/Terminal_Fuzz_Plugin/build/CMakeFiles/TerminalFuzzPlugin_All.dir/DependInfo.cmake", "CMake", 0, 0, -16, 0, 0, 0, 0, 0, 0, 0, 0, 0, 0, 0, 0, 0, 0, 0, -7, -23
"/Users/williamsmith/Desktop/Terminal_Fuzz_Plugin/build/CMakeFiles/TerminalFuzzPlugin_All.dir/cmake_clean.cmake", "CMake", 0, 0, -4, 0, 0, 0, 0, 0, 0, 0, 0, 0, 0, 0, 0, 0, 0, 0, -2, -6
"/Users/williamsmith/Desktop/Terminal_Fuzz_Plugin/build/CMakeFiles/TerminalFuzzPlugin_All.dir/compiler_depend.ts", "TypeScript", 0, 0, 0, 0, -2, 0, 0, 0, 0, 0, 0, 0, 0, 0, 0, 0, 0, 0, -1, -3
"/Users/williamsmith/Desktop/Terminal_Fuzz_Plugin/build/CMakeFiles/TerminalFuzzPlugin_Standalone.dir/DependInfo.cmake", "CMake", 0, 0, -27, 0, 0, 0, 0, 0, 0, 0, 0, 0, 0, 0, 0, 0, 0, 0, -7, -34
"/Users/williamsmith/Desktop/Terminal_Fuzz_Plugin/build/CMakeFiles/TerminalFuzzPlugin_Standalone.dir/cmake_clean.cmake", "CMake", 0, 0, -32, 0, 0, 0, 0, 0, 0, 0, 0, 0, 0, 0, 0, 0, 0, 0, -2, -34
"/Users/williamsmith/Desktop/Terminal_Fuzz_Plugin/build/CMakeFiles/TerminalFuzzPlugin_Standalone.dir/compiler_depend.ts", "TypeScript", 0, 0, 0, 0, -2, 0, 0, 0, 0, 0, 0, 0, 0, 0, 0, 0, 0, 0, -1, -3
"/Users/williamsmith/Desktop/Terminal_Fuzz_Plugin/build/CMakeFiles/TerminalFuzzPlugin_VST3.dir/DependInfo.cmake", "CMake", 0, 0, -27, 0, 0, 0, 0, 0, 0, 0, 0, 0, 0, 0, 0, 0, 0, 0, -7, -34
"/Users/williamsmith/Desktop/Terminal_Fuzz_Plugin/build/CMakeFiles/TerminalFuzzPlugin_VST3.dir/cmake_clean.cmake", "CMake", 0, 0, -31, 0, 0, 0, 0, 0, 0, 0, 0, 0, 0, 0, 0, 0, 0, 0, -2, -33
"/Users/williamsmith/Desktop/Terminal_Fuzz_Plugin/build/CMakeFiles/TerminalFuzzPlugin_VST3.dir/compiler_depend.ts", "TypeScript", 0, 0, 0, 0, -2, 0, 0, 0, 0, 0, 0, 0, 0, 0, 0, 0, 0, 0, -1, -3
"/Users/williamsmith/Desktop/Terminal_Fuzz_Plugin/build/CMakeFiles/TerminalFuzzTests.dir/DependInfo.cmake", "CMake", 0, 0, -37, 0, 0, 0, 0, 0, 0, 0, 0, 0, 0, 0, 0, 0, 0, 0, -7, -44
"/Users/williamsmith/Desktop/Terminal_Fuzz_Plugin/build/CMakeFiles/TerminalFuzzTests.dir/cmake_clean.cmake", "CMake", 0, 0, -50, 0, 0, 0, 0, 0, 0, 0, 0, 0, 0, 0, 0, 0, 0, 0, -2, -52
"/Users/williamsmith/Desktop/Terminal_Fuzz_Plugin/build/CMakeFiles/TerminalFuzzTests.dir/compiler_depend.ts", "TypeScript", 0, 0, 0, 0, -2, 0, 0, 0, 0, 0, 0, 0, 0, 0, 0, 0, 0, 0, -1, -3
"/Users/williamsmith/Desktop/Terminal_Fuzz_Plugin/build/CMakeFiles/VerifyGlobs.cmake", "CMake", 0, 0, -3176, 0, 0, 0, 0, 0, 0, 0, 0, 0, 0, 0, 0, 0, 0, 0, -24, -3200
"/Users/williamsmith/Desktop/Terminal_Fuzz_Plugin/build/CMakeFiles/juce_vst3_helper.dir/DependInfo.cmake", "CMake", 0, 0, -17, 0, 0, 0, 0, 0, 0, 0, 0, 0, 0, 0, 0, 0, 0, 0, -7, -24
"/Users/williamsmith/Desktop/Terminal_Fuzz_Plugin/build/CMakeFiles/juce_vst3_helper.dir/cmake_clean.cmake", "CMake", 0, 0, -10, 0, 0, 0, 0, 0, 0, 0, 0, 0, 0, 0, 0, 0, 0, 0, -2, -12
"/Users/williamsmith/Desktop/Terminal_Fuzz_Plugin/build/CMakeFiles/juce_vst3_helper.dir/compiler_depend.ts", "TypeScript", 0, 0, 0, 0, -2, 0, 0, 0, 0, 0, 0, 0, 0, 0, 0, 0, 0, 0, -1, -3
"/Users/williamsmith/Desktop/Terminal_Fuzz_Plugin/build/JUCE/CMakeFiles/CMakeDirectoryInformation.cmake", "CMake", 0, 0, -12, 0, 0, 0, 0, 0, 0, 0, 0, 0, 0, 0, 0, 0, 0, 0, -5, -17
"/Users/williamsmith/Desktop/Terminal_Fuzz_Plugin/build/JUCE/JUCEConfig.cmake", "CMake", 0, 0, -96, 0, 0, 0, 0, 0, 0, 0, 0, 0, 0, 0, 0, 0, 0, 0, -21, -117
"/Users/williamsmith/Desktop/Terminal_Fuzz_Plugin/build/JUCE/JUCEConfigVersion.cmake", "CMake", 0, 0, -69, 0, 0, 0, 0, 0, 0, 0, 0, 0, 0, 0, 0, 0, 0, 0, -15, -84
"/Users/williamsmith/Desktop/Terminal_Fuzz_Plugin/build/JUCE/JUCEExportConfig.cmake", "CMake", 0, 0, -96, 0, 0, 0, 0, 0, 0, 0, 0, 0, 0, 0, 0, 0, 0, 0, -21, -117
"/Users/williamsmith/Desktop/Terminal_Fuzz_Plugin/build/JUCE/Makefile", "Makefile", 0, 0, 0, -97, 0, 0, 0, 0, 0, 0, 0, 0, 0, 0, 0, 0, 0, -49, -46, -192
"/Users/williamsmith/Desktop/Terminal_Fuzz_Plugin/build/JUCE/cmake_install.cmake", "CMake", 0, 0, -69, 0, 0, 0, 0, 0, 0, 0, 0, 0, 0, 0, 0, 0, 0, 0, -10, -79
"/Users/williamsmith/Desktop/Terminal_Fuzz_Plugin/build/JUCE/extras/Build/CMakeFiles/CMakeDirectoryInformation.cmake", "CMake", 0, 0, -12, 0, 0, 0, 0, 0, 0, 0, 0, 0, 0, 0, 0, 0, 0, 0, -5, -17
"/Users/williamsmith/Desktop/Terminal_Fuzz_Plugin/build/JUCE/extras/Build/Makefile", "Makefile", 0, 0, 0, -97, 0, 0, 0, 0, 0, 0, 0, 0, 0, 0, 0, 0, 0, -49, -46, -192
"/Users/williamsmith/Desktop/Terminal_Fuzz_Plugin/build/JUCE/extras/Build/cmake_install.cmake", "CMake", 0, 0, -43, 0, 0, 0, 0, 0, 0, 0, 0, 0, 0, 0, 0, 0, 0, 0, -8, -51
"/Users/williamsmith/Desktop/Terminal_Fuzz_Plugin/build/JUCE/extras/Build/juceaide/CMakeFiles/CMakeDirectoryInformation.cmake", "CMake", 0, 0, -12, 0, 0, 0, 0, 0, 0, 0, 0, 0, 0, 0, 0, 0, 0, 0, -5, -17
"/Users/williamsmith/Desktop/Terminal_Fuzz_Plugin/build/JUCE/extras/Build/juceaide/Makefile", "Makefile", 0, 0, 0, -97, 0, 0, 0, 0, 0, 0, 0, 0, 0, 0, 0, 0, 0, -49, -46, -192
"/Users/williamsmith/Desktop/Terminal_Fuzz_Plugin/build/JUCE/extras/Build/juceaide/cmake_install.cmake", "CMake", 0, 0, -42, 0, 0, 0, 0, 0, 0, 0, 0, 0, 0, 0, 0, 0, 0, 0, -8, -50
"/Users/williamsmith/Desktop/Terminal_Fuzz_Plugin/build/JUCE/modules/CMakeFiles/CMakeDirectoryInformation.cmake", "CMake", 0, 0, -12, 0, 0, 0, 0, 0, 0, 0, 0, 0, 0, 0, 0, 0, 0, 0, -5, -17
"/Users/williamsmith/Desktop/Terminal_Fuzz_Plugin/build/JUCE/modules/Makefile", "Makefile", 0, 0, 0, -97, 0, 0, 0, 0, 0, 0, 0, 0, 0, 0, 0, 0, 0, -49, -46, -192
"/Users/williamsmith/Desktop/Terminal_Fuzz_Plugin/build/JUCE/modules/cmake_install.cmake", "CMake", 0, 0, -105, 0, 0, 0, 0, 0, 0, 0, 0, 0, 0, 0, 0, 0, 0, 0, -29, -134
"/Users/williamsmith/Desktop/Terminal_Fuzz_Plugin/build/JUCE/tools/CMakeCache.txt", "CMake Cache", 0, -369, 0, 0, 0, 0, 0, 0, 0, 0, 0, 0, 0, 0, 0, 0, 0, 0, -98, -467
"/Users/williamsmith/Desktop/Terminal_Fuzz_Plugin/build/JUCE/tools/CMakeFiles/4.0.3/CMakeCCompiler.cmake", "CMake", 0, 0, -67, 0, 0, 0, 0, 0, 0, 0, 0, 0, 0, 0, 0, 0, 0, 0, -18, -85
"/Users/williamsmith/Desktop/Terminal_Fuzz_Plugin/build/JUCE/tools/CMakeFiles/4.0.3/CMakeCXXCompiler.cmake", "CMake", 0, 0, -81, 0, 0, 0, 0, 0, 0, 0, 0, 0, 0, 0, 0, 0, 0, 0, -24, -105
"/Users/williamsmith/Desktop/Terminal_Fuzz_Plugin/build/JUCE/tools/CMakeFiles/4.0.3/CMakeSystem.cmake", "CMake", 0, 0, -10, 0, 0, 0, 0, 0, 0, 0, 0, 0, 0, 0, 0, 0, 0, 0, -6, -16
"/Users/williamsmith/Desktop/Terminal_Fuzz_Plugin/build/JUCE/tools/CMakeFiles/4.0.3/CompilerIdC/CMakeCCompilerId.c", "C", 0, 0, 0, 0, 0, 0, 0, -690, 0, 0, 0, 0, 0, 0, 0, 0, 0, -61, -155, -906
"/Users/williamsmith/Desktop/Terminal_Fuzz_Plugin/build/JUCE/tools/CMakeFiles/4.0.3/CompilerIdC/apple-sdk.c", "C", 0, 0, 0, 0, 0, 0, 0, -1, 0, 0, 0, 0, 0, 0, 0, 0, 0, 0, -1, -2
"/Users/williamsmith/Desktop/Terminal_Fuzz_Plugin/build/JUCE/tools/CMakeFiles/4.0.3/CompilerIdCXX/CMakeCXXCompilerId.cpp", "C++", -708, 0, 0, 0, 0, 0, 0, 0, 0, 0, 0, 0, 0, 0, 0, 0, 0, -62, -151, -921
"/Users/williamsmith/Desktop/Terminal_Fuzz_Plugin/build/JUCE/tools/CMakeFiles/4.0.3/CompilerIdCXX/apple-sdk.cpp", "C++", -1, 0, 0, 0, 0, 0, 0, 0, 0, 0, 0, 0, 0, 0, 0, 0, 0, 0, -1, -2
"/Users/williamsmith/Desktop/Terminal_Fuzz_Plugin/build/JUCE/tools/CMakeFiles/CMakeConfigureLog.yaml", "YAML", 0, 0, 0, 0, 0, 0, -440, 0, 0, 0, 0, 0, 0, 0, 0, 0, 0, -48, -28, -516
"/Users/williamsmith/Desktop/Terminal_Fuzz_Plugin/build/JUCE/tools/CMakeFiles/CMakeDirectoryInformation.cmake", "CMake", 0, 0, -12, 0, 0, 0, 0, 0, 0, 0, 0, 0, 0, 0, 0, 0, 0, 0, -5, -17
"/Users/williamsmith/Desktop/Terminal_Fuzz_Plugin/build/JUCE/tools/CMakeFiles/InstallScripts.json", "JSON", 0, 0, 0, 0, 0, -10, 0, 0, 0, 0, 0, 0, 0, 0, 0, 0, 0, 0, -1, -11
"/Users/williamsmith/Desktop/Terminal_Fuzz_Plugin/build/JUCE/tools/CMakeFiles/Makefile.cmake", "CMake", 0, 0, -76, 0, 0, 0, 0, 0, 0, 0, 0, 0, 0, 0, 0, 0, 0, 0, -6, -82
"/Users/williamsmith/Desktop/Terminal_Fuzz_Plugin/build/JUCE/tools/CMakeFiles/VerifyGlobs.cmake", "CMake", 0, 0, -3176, 0, 0, 0, 0, 0, 0, 0, 0, 0, 0, 0, 0, 0, 0, 0, -24, -3200
"/Users/williamsmith/Desktop/Terminal_Fuzz_Plugin/build/JUCE/tools/JUCEConfig.cmake", "CMake", 0, 0, -96, 0, 0, 0, 0, 0, 0, 0, 0, 0, 0, 0, 0, 0, 0, 0, -21, -117
"/Users/williamsmith/Desktop/Terminal_Fuzz_Plugin/build/JUCE/tools/JUCEConfigVersion.cmake", "CMake", 0, 0, -69, 0, 0, 0, 0, 0, 0, 0, 0, 0, 0, 0, 0, 0, 0, 0, -15, -84
"/Users/williamsmith/Desktop/Terminal_Fuzz_Plugin/build/JUCE/tools/JUCEExportConfig.cmake", "CMake", 0, 0, -96, 0, 0, 0, 0, 0, 0, 0, 0, 0, 0, 0, 0, 0, 0, 0, -21, -117
"/Users/williamsmith/Desktop/Terminal_Fuzz_Plugin/build/JUCE/tools/JUCEToolsExport.cmake", "CMake", 0, 0, -55, 0, 0, 0, 0, 0, 0, 0, 0, 0, 0, 0, 0, 0, 0, 0, -9, -64
"/Users/williamsmith/Desktop/Terminal_Fuzz_Plugin/build/JUCE/tools/Makefile", "Makefile", 0, 0, 0, -104, 0, 0, 0, 0, 0, 0, 0, 0, 0, 0, 0, 0, 0, -53, -49, -206
"/Users/williamsmith/Desktop/Terminal_Fuzz_Plugin/build/JUCE/tools/cmake_install.cmake", "CMake", 0, 0, -84, 0, 0, 0, 0, 0, 0, 0, 0, 0, 0, 0, 0, 0, 0, 0, -11, -95
"/Users/williamsmith/Desktop/Terminal_Fuzz_Plugin/build/JUCE/tools/extras/Build/CMakeFiles/CMakeDirectoryInformation.cmake", "CMake", 0, 0, -12, 0, 0, 0, 0, 0, 0, 0, 0, 0, 0, 0, 0, 0, 0, 0, -5, -17
"/Users/williamsmith/Desktop/Terminal_Fuzz_Plugin/build/JUCE/tools/extras/Build/Makefile", "Makefile", 0, 0, 0, -97, 0, 0, 0, 0, 0, 0, 0, 0, 0, 0, 0, 0, 0, -49, -46, -192
"/Users/williamsmith/Desktop/Terminal_Fuzz_Plugin/build/JUCE/tools/extras/Build/cmake_install.cmake", "CMake", 0, 0, -43, 0, 0, 0, 0, 0, 0, 0, 0, 0, 0, 0, 0, 0, 0, 0, -8, -51
"/Users/williamsmith/Desktop/Terminal_Fuzz_Plugin/build/JUCE/tools/extras/Build/juceaide/CMakeFiles/CMakeDirectoryInformation.cmake", "CMake", 0, 0, -12, 0, 0, 0, 0, 0, 0, 0, 0, 0, 0, 0, 0, 0, 0, 0, -5, -17
"/Users/williamsmith/Desktop/Terminal_Fuzz_Plugin/build/JUCE/tools/extras/Build/juceaide/CMakeFiles/juceaide.dir/DependInfo.cmake", "CMake", 0, 0, -26, 0, 0, 0, 0, 0, 0, 0, 0, 0, 0, 0, 0, 0, 0, 0, -7, -33
"/Users/williamsmith/Desktop/Terminal_Fuzz_Plugin/build/JUCE/tools/extras/Build/juceaide/CMakeFiles/juceaide.dir/cmake_clean.cmake", "CMake", 0, 0, -28, 0, 0, 0, 0, 0, 0, 0, 0, 0, 0, 0, 0, 0, 0, 0, -2, -30
"/Users/williamsmith/Desktop/Terminal_Fuzz_Plugin/build/JUCE/tools/extras/Build/juceaide/CMakeFiles/juceaide.dir/compiler_depend.ts", "TypeScript", 0, 0, 0, 0, -2, 0, 0, 0, 0, 0, 0, 0, 0, 0, 0, 0, 0, 0, -1, -3
"/Users/williamsmith/Desktop/Terminal_Fuzz_Plugin/build/JUCE/tools/extras/Build/juceaide/Makefile", "Makefile", 0, 0, 0, -286, 0, 0, 0, 0, 0, 0, 0, 0, 0, 0, 0, 0, 0, -82, -109, -477
"/Users/williamsmith/Desktop/Terminal_Fuzz_Plugin/build/JUCE/tools/extras/Build/juceaide/cmake_install.cmake", "CMake", 0, 0, -39, 0, 0, 0, 0, 0, 0, 0, 0, 0, 0, 0, 0, 0, 0, 0, -7, -46
"/Users/williamsmith/Desktop/Terminal_Fuzz_Plugin/build/JUCE/tools/modules/CMakeFiles/CMakeDirectoryInformation.cmake", "CMake", 0, 0, -12, 0, 0, 0, 0, 0, 0, 0, 0, 0, 0, 0, 0, 0, 0, 0, -5, -17
"/Users/williamsmith/Desktop/Terminal_Fuzz_Plugin/build/JUCE/tools/modules/Makefile", "Makefile", 0, 0, 0, -97, 0, 0, 0, 0, 0, 0, 0, 0, 0, 0, 0, 0, 0, -49, -46, -192
"/Users/williamsmith/Desktop/Terminal_Fuzz_Plugin/build/JUCE/tools/modules/cmake_install.cmake", "CMake", 0, 0, -105, 0, 0, 0, 0, 0, 0, 0, 0, 0, 0, 0, 0, 0, 0, 0, -29, -134
"/Users/williamsmith/Desktop/Terminal_Fuzz_Plugin/build/Makefile", "Makefile", 0, 0, 0, -935, 0, 0, 0, 0, 0, 0, 0, 0, 0, 0, 0, 0, 0, -188, -289, -1412
"/Users/williamsmith/Desktop/Terminal_Fuzz_Plugin/build/TerminalFuzzPlugin_artefacts/JuceLibraryCode/JuceHeader.h", "C++", -29, 0, 0, 0, 0, 0, 0, 0, 0, 0, 0, 0, 0, 0, 0, 0, 0, -12, -7, -48
"/Users/williamsmith/Desktop/Terminal_Fuzz_Plugin/build/TerminalFuzzPlugin_artefacts/Release/VST3/Terminal Fuzz.vst3/Contents/Resources/moduleinfo.json", "JSON", 0, 0, 0, 0, 0, -58, 0, 0, 0, 0, 0, 0, 0, 0, 0, 0, 0, 0, 0, -58
"/Users/williamsmith/Desktop/Terminal_Fuzz_Plugin/build/_deps/juce-subbuild/CMakeCache.txt", "CMake Cache", 0, -110, 0, 0, 0, 0, 0, 0, 0, 0, 0, 0, 0, 0, 0, 0, 0, 0, -24, -134
"/Users/williamsmith/Desktop/Terminal_Fuzz_Plugin/build/_deps/juce-subbuild/CMakeFiles/4.0.3/CMakeSystem.cmake", "CMake", 0, 0, -10, 0, 0, 0, 0, 0, 0, 0, 0, 0, 0, 0, 0, 0, 0, 0, -6, -16
"/Users/williamsmith/Desktop/Terminal_Fuzz_Plugin/build/_deps/juce-subbuild/CMakeFiles/CMakeConfigureLog.yaml", "YAML", 0, 0, 0, 0, 0, 0, -10, 0, 0, 0, 0, 0, 0, 0, 0, 0, 0, 0, -2, -12
"/Users/williamsmith/Desktop/Terminal_Fuzz_Plugin/build/_deps/juce-subbuild/CMakeFiles/CMakeDirectoryInformation.cmake", "CMake", 0, 0, -12, 0, 0, 0, 0, 0, 0, 0, 0, 0, 0, 0, 0, 0, 0, 0, -5, -17
"/Users/williamsmith/Desktop/Terminal_Fuzz_Plugin/build/_deps/juce-subbuild/CMakeFiles/InstallScripts.json", "JSON", 0, 0, 0, 0, 0, -7, 0, 0, 0, 0, 0, 0, 0, 0, 0, 0, 0, 0, -1, -8
"/Users/williamsmith/Desktop/Terminal_Fuzz_Plugin/build/_deps/juce-subbuild/CMakeFiles/Makefile.cmake", "CMake", 0, 0, -47, 0, 0, 0, 0, 0, 0, 0, 0, 0, 0, 0, 0, 0, 0, 0, -6, -53
"/Users/williamsmith/Desktop/Terminal_Fuzz_Plugin/build/_deps/juce-subbuild/CMakeFiles/juce-populate.dir/DependInfo.cmake", "CMake", 0, 0, -16, 0, 0, 0, 0, 0, 0, 0, 0, 0, 0, 0, 0, 0, 0, 0, -7, -23
"/Users/williamsmith/Desktop/Terminal_Fuzz_Plugin/build/_deps/juce-subbuild/CMakeFiles/juce-populate.dir/Labels.json", "JSON", 0, 0, 0, 0, 0, -46, 0, 0, 0, 0, 0, 0, 0, 0, 0, 0, 0, 0, 0, -46
"/Users/williamsmith/Desktop/Terminal_Fuzz_Plugin/build/_deps/juce-subbuild/CMakeFiles/juce-populate.dir/cmake_clean.cmake", "CMake", 0, 0, -16, 0, 0, 0, 0, 0, 0, 0, 0, 0, 0, 0, 0, 0, 0, 0, -2, -18
"/Users/williamsmith/Desktop/Terminal_Fuzz_Plugin/build/_deps/juce-subbuild/CMakeFiles/juce-populate.dir/compiler_depend.ts", "TypeScript", 0, 0, 0, 0, -2, 0, 0, 0, 0, 0, 0, 0, 0, 0, 0, 0, 0, 0, -1, -3
"/Users/williamsmith/Desktop/Terminal_Fuzz_Plugin/build/_deps/juce-subbuild/CMakeLists.txt", "CMake", 0, 0, -32, 0, 0, 0, 0, 0, 0, 0, 0, 0, 0, 0, 0, 0, 0, 0, -11, -43
"/Users/williamsmith/Desktop/Terminal_Fuzz_Plugin/build/_deps/juce-subbuild/Makefile", "Makefile", 0, 0, 0, -75, 0, 0, 0, 0, 0, 0, 0, 0, 0, 0, 0, 0, 0, -46, -42, -163
"/Users/williamsmith/Desktop/Terminal_Fuzz_Plugin/build/_deps/juce-subbuild/cmake_install.cmake", "CMake", 0, 0, -50, 0, 0, 0, 0, 0, 0, 0, 0, 0, 0, 0, 0, 0, 0, 0, -7, -57
"/Users/williamsmith/Desktop/Terminal_Fuzz_Plugin/build/_deps/juce-subbuild/juce-populate-prefix/tmp/juce-populate-gitclone.cmake", "CMake", 0, 0, -79, 0, 0, 0, 0, 0, 0, 0, 0, 0, 0, 0, 0, 0, 0, 0, -9, -88
"/Users/williamsmith/Desktop/Terminal_Fuzz_Plugin/build/_deps/juce-subbuild/juce-populate-prefix/tmp/juce-populate-gitupdate.cmake", "CMake", 0, 0, -288, 0, 0, 0, 0, 0, 0, 0, 0, 0, 0, 0, 0, 0, 0, 0, -30, -318
"/Users/williamsmith/Desktop/Terminal_Fuzz_Plugin/build/_deps/juce-subbuild/juce-populate-prefix/tmp/juce-populate-mkdirs.cmake", "CMake", 0, 0, -24, 0, 0, 0, 0, 0, 0, 0, 0, 0, 0, 0, 0, 0, 0, 0, -4, -28
"/Users/williamsmith/Desktop/Terminal_Fuzz_Plugin/build/cmake_install.cmake", "CMake", 0, 0, -58, 0, 0, 0, 0, 0, 0, 0, 0, 0, 0, 0, 0, 0, 0, 0, -9, -67
"Total", "-", -46610, -863, -14917, -2214, -18, -19372, -3563, -1383, -180, -98, -9689, -50, -2, -112, -16, -426, -13, -10319, -14357, -124202